solid OpenSCAD_Model
  facet normal 0 0 -1
    outer loop
      vertex 16.649999618530273 1.1999998092651367 -5
      vertex 17 0.09999942779541016 -5
      vertex 17 0 -5
    endloop
  endfacet
  facet normal 0 0 -1
    outer loop
      vertex 17 0.09999942779541016 -5
      vertex 16.950000762939453 1.7999995946884155 -5
      vertex 17 1.899999976158142 -5
    endloop
  endfacet
  facet normal 0 0 -1
    outer loop
      vertex 17 0.09999942779541016 -5
      vertex 16.899999618530273 1.699999213218689 -5
      vertex 16.950000762939453 1.7999995946884155 -5
    endloop
  endfacet
  facet normal 0 0 -1
    outer loop
      vertex 17 0.09999942779541016 -5
      vertex 16.850000381469727 1.5999997854232788 -5
      vertex 16.899999618530273 1.699999213218689 -5
    endloop
  endfacet
  facet normal 0 0 -1
    outer loop
      vertex 17 0.09999942779541016 -5
      vertex 16.799999237060547 1.4999994039535522 -5
      vertex 16.850000381469727 1.5999997854232788 -5
    endloop
  endfacet
  facet normal 0 0 -1
    outer loop
      vertex 17 0.09999942779541016 -5
      vertex 16.75 1.399999976158142 -5
      vertex 16.799999237060547 1.4999994039535522 -5
    endloop
  endfacet
  facet normal 0 0 -1
    outer loop
      vertex 17 0.09999942779541016 -5
      vertex 16.700000762939453 1.2999995946884155 -5
      vertex 16.75 1.399999976158142 -5
    endloop
  endfacet
  facet normal 0 0 -1
    outer loop
      vertex 17 0.09999942779541016 -5
      vertex 16.649999618530273 1.1999998092651367 -5
      vertex 16.700000762939453 1.2999995946884155 -5
    endloop
  endfacet
  facet normal 0 0 -1
    outer loop
      vertex 17 0 -5
      vertex 1.3499999046325684 1.1999998092651367 -5
      vertex 16.649999618530273 1.1999998092651367 -5
    endloop
  endfacet
  facet normal 0 0 -1
    outer loop
      vertex 1.3499999046325684 1.1999998092651367 -5
      vertex 1.299999713897705 1.2999995946884155 -5
      vertex 1.3499999046325684 1.2999995946884155 -5
    endloop
  endfacet
  facet normal 0 0 -1
    outer loop
      vertex 1.299999713897705 1.2999995946884155 -5
      vertex 1.25 1.399999976158142 -5
      vertex 1.299999713897705 1.399999976158142 -5
    endloop
  endfacet
  facet normal 0 0 -1
    outer loop
      vertex 1.25 1.399999976158142 -5
      vertex 1.1999998092651367 1.4999994039535522 -5
      vertex 1.25 1.4999994039535522 -5
    endloop
  endfacet
  facet normal 0 0 -1
    outer loop
      vertex 0.5499997138977051 1 -5
      vertex 1.25 1.399999976158142 -5
      vertex 1.299999713897705 1.2999995946884155 -5
    endloop
  endfacet
  facet normal 0 0 -1
    outer loop
      vertex 1.1999998092651367 1.4999994039535522 -5
      vertex 1.1499996185302734 1.5999997854232788 -5
      vertex 1.1999998092651367 1.5999997854232788 -5
    endloop
  endfacet
  facet normal 0 0 -1
    outer loop
      vertex 1.1499996185302734 1.5999997854232788 -5
      vertex 1.0999999046325684 1.699999213218689 -5
      vertex 1.1499996185302734 1.699999213218689 -5
    endloop
  endfacet
  facet normal 0 0 -1
    outer loop
      vertex 1.0999999046325684 1.699999213218689 -5
      vertex 1.049999713897705 1.7999995946884155 -5
      vertex 1.0999999046325684 1.7999995946884155 -5
    endloop
  endfacet
  facet normal 0 0 -1
    outer loop
      vertex 1 0 -5
      vertex 1.3499999046325684 1.1999998092651367 -5
      vertex 17 0 -5
    endloop
  endfacet
  facet normal 0 0 -1
    outer loop
      vertex 1 0.09999942779541016 -5
      vertex 1.3499999046325684 1.1999998092651367 -5
      vertex 1 0 -5
    endloop
  endfacet
  facet normal 0 0 -1
    outer loop
      vertex 0.9499998092651367 0.19999980926513672 -5
      vertex 1.3499999046325684 1.1999998092651367 -5
      vertex 1 0.09999942779541016 -5
    endloop
  endfacet
  facet normal 0 0 -1
    outer loop
      vertex 0.8999996185302734 0.2999992370605469 -5
      vertex 1.3499999046325684 1.1999998092651367 -5
      vertex 0.9499998092651367 0.19999980926513672 -5
    endloop
  endfacet
  facet normal 0 0 -1
    outer loop
      vertex 0.8499999046325684 0.39999961853027344 -5
      vertex 1.3499999046325684 1.1999998092651367 -5
      vertex 0.8999996185302734 0.2999992370605469 -5
    endloop
  endfacet
  facet normal 0 0 -1
    outer loop
      vertex 0.7999997138977051 0.5 -5
      vertex 1.3499999046325684 1.1999998092651367 -5
      vertex 0.8499999046325684 0.39999961853027344 -5
    endloop
  endfacet
  facet normal 0 0 -1
    outer loop
      vertex 0.75 0.5999994277954102 -5
      vertex 1.3499999046325684 1.1999998092651367 -5
      vertex 0.7999997138977051 0.5 -5
    endloop
  endfacet
  facet normal 0 0 -1
    outer loop
      vertex 0.6999998092651367 0.6999998092651367 -5
      vertex 1.3499999046325684 1.1999998092651367 -5
      vertex 0.75 0.5999994277954102 -5
    endloop
  endfacet
  facet normal 0 0 -1
    outer loop
      vertex 0.6499996185302734 0.7999992370605469 -5
      vertex 1.3499999046325684 1.1999998092651367 -5
      vertex 0.6999998092651367 0.6999998092651367 -5
    endloop
  endfacet
  facet normal 0 0 -1
    outer loop
      vertex 0.5999999046325684 0.8999996185302734 -5
      vertex 1.3499999046325684 1.1999998092651367 -5
      vertex 0.6499996185302734 0.7999992370605469 -5
    endloop
  endfacet
  facet normal 0 0 -1
    outer loop
      vertex 0.9499998092651367 0.19999980926513672 -5
      vertex 1 0.09999942779541016 -5
      vertex 0.9499998092651367 0.09999942779541016 -5
    endloop
  endfacet
  facet normal 0 0 -1
    outer loop
      vertex 17 1.899999976158142 -5
      vertex 16.950000762939453 1.7999995946884155 -5
      vertex 16.950000762939453 1.899999976158142 -5
    endloop
  endfacet
  facet normal 0 0 -1
    outer loop
      vertex 16.950000762939453 1.7999995946884155 -5
      vertex 16.899999618530273 1.699999213218689 -5
      vertex 16.899999618530273 1.7999995946884155 -5
    endloop
  endfacet
  facet normal 0 0 -1
    outer loop
      vertex 16.899999618530273 1.699999213218689 -5
      vertex 16.850000381469727 1.5999997854232788 -5
      vertex 16.850000381469727 1.699999213218689 -5
    endloop
  endfacet
  facet normal 0 0 -1
    outer loop
      vertex 16.850000381469727 1.5999997854232788 -5
      vertex 16.799999237060547 1.4999994039535522 -5
      vertex 16.799999237060547 1.5999997854232788 -5
    endloop
  endfacet
  facet normal 0 0 -1
    outer loop
      vertex 16.799999237060547 1.4999994039535522 -5
      vertex 16.75 1.399999976158142 -5
      vertex 16.75 1.4999994039535522 -5
    endloop
  endfacet
  facet normal 0 0 -1
    outer loop
      vertex 16.75 1.399999976158142 -5
      vertex 16.700000762939453 1.2999995946884155 -5
      vertex 16.700000762939453 1.399999976158142 -5
    endloop
  endfacet
  facet normal 0 0 -1
    outer loop
      vertex 16.700000762939453 1.2999995946884155 -5
      vertex 16.649999618530273 1.1999998092651367 -5
      vertex 16.649999618530273 1.2999995946884155 -5
    endloop
  endfacet
  facet normal 0 0 -1
    outer loop
      vertex 17.049999237060547 0.09999942779541016 -5
      vertex 17 0.09999942779541016 -5
      vertex 17.049999237060547 0.19999980926513672 -5
    endloop
  endfacet
  facet normal 0 0 -1
    outer loop
      vertex 17.100000381469727 0.19999980926513672 -5
      vertex 17.049999237060547 0.19999980926513672 -5
      vertex 17.100000381469727 0.2999992370605469 -5
    endloop
  endfacet
  facet normal 0 0 -1
    outer loop
      vertex 17.149999618530273 0.2999992370605469 -5
      vertex 17.100000381469727 0.2999992370605469 -5
      vertex 17.149999618530273 0.39999961853027344 -5
    endloop
  endfacet
  facet normal 0 0 -1
    outer loop
      vertex 17.200000762939453 0.39999961853027344 -5
      vertex 17.149999618530273 0.39999961853027344 -5
      vertex 17.200000762939453 0.5 -5
    endloop
  endfacet
  facet normal 0 0 -1
    outer loop
      vertex 17.25 0.5 -5
      vertex 17.200000762939453 0.5 -5
      vertex 17.25 0.5999994277954102 -5
    endloop
  endfacet
  facet normal 0 0 -1
    outer loop
      vertex 17.299999237060547 0.5999994277954102 -5
      vertex 17.25 0.5999994277954102 -5
      vertex 17.299999237060547 0.6999998092651367 -5
    endloop
  endfacet
  facet normal 0 0 -1
    outer loop
      vertex 17.350000381469727 0.6999998092651367 -5
      vertex 17.299999237060547 0.6999998092651367 -5
      vertex 17.350000381469727 0.7999992370605469 -5
    endloop
  endfacet
  facet normal 0 0 -1
    outer loop
      vertex 17.399999618530273 0.7999992370605469 -5
      vertex 17.350000381469727 0.7999992370605469 -5
      vertex 17.399999618530273 0.8999996185302734 -5
    endloop
  endfacet
  facet normal 0 0 -1
    outer loop
      vertex 17.450000762939453 0.8999996185302734 -5
      vertex 17.399999618530273 0.8999996185302734 -5
      vertex 17.450000762939453 1 -5
    endloop
  endfacet
  facet normal 0 0 -1
    outer loop
      vertex 17 1.899999976158142 -5
      vertex 17.5 1 -5
      vertex 17.450000762939453 1 -5
    endloop
  endfacet
  facet normal 0 0 -1
    outer loop
      vertex 17 1.899999976158142 -5
      vertex 17.450000762939453 1 -5
      vertex 17.399999618530273 0.8999996185302734 -5
    endloop
  endfacet
  facet normal 0 0 -1
    outer loop
      vertex 17 1.899999976158142 -5
      vertex 17.399999618530273 0.8999996185302734 -5
      vertex 17.350000381469727 0.7999992370605469 -5
    endloop
  endfacet
  facet normal 0 0 -1
    outer loop
      vertex 17 1.899999976158142 -5
      vertex 17.350000381469727 0.7999992370605469 -5
      vertex 17.299999237060547 0.6999998092651367 -5
    endloop
  endfacet
  facet normal 0 0 -1
    outer loop
      vertex 17 1.899999976158142 -5
      vertex 17.299999237060547 0.6999998092651367 -5
      vertex 17.25 0.5999994277954102 -5
    endloop
  endfacet
  facet normal 0 0 -1
    outer loop
      vertex 17 1.899999976158142 -5
      vertex 17.25 0.5999994277954102 -5
      vertex 17.200000762939453 0.5 -5
    endloop
  endfacet
  facet normal 0 0 -1
    outer loop
      vertex 17 1.899999976158142 -5
      vertex 17.200000762939453 0.5 -5
      vertex 17.149999618530273 0.39999961853027344 -5
    endloop
  endfacet
  facet normal 0 0 -1
    outer loop
      vertex 17 1.899999976158142 -5
      vertex 17.149999618530273 0.39999961853027344 -5
      vertex 17.100000381469727 0.2999992370605469 -5
    endloop
  endfacet
  facet normal 0 0 -1
    outer loop
      vertex 17 1.899999976158142 -5
      vertex 17.100000381469727 0.2999992370605469 -5
      vertex 17.049999237060547 0.19999980926513672 -5
    endloop
  endfacet
  facet normal 0 0 -1
    outer loop
      vertex 17 1.899999976158142 -5
      vertex 17.049999237060547 0.19999980926513672 -5
      vertex 17 0.09999942779541016 -5
    endloop
  endfacet
  facet normal 0 0 -1
    outer loop
      vertex 17.5 1 -5
      vertex 17 1.899999976158142 -5
      vertex 17 4.201725959777832 -5
    endloop
  endfacet
  facet normal 0 0 -1
    outer loop
      vertex 17.5 1 -5
      vertex 17 4.201725959777832 -5
      vertex 17.5 6.299999237060547 -5
    endloop
  endfacet
  facet normal 0 0 -1
    outer loop
      vertex 16.946260452270508 4.23350715637207 -5
      vertex 17.5 6.299999237060547 -5
      vertex 17 4.201725959777832 -5
    endloop
  endfacet
  facet normal 0 0 -1
    outer loop
      vertex 16.868322372436523 4.286474227905273 -5
      vertex 17.5 6.299999237060547 -5
      vertex 16.946260452270508 4.23350715637207 -5
    endloop
  endfacet
  facet normal 0 0 -1
    outer loop
      vertex 16.793865203857422 4.344229698181152 -5
      vertex 17.5 6.299999237060547 -5
      vertex 16.868322372436523 4.286474227905273 -5
    endloop
  endfacet
  facet normal 0 0 -1
    outer loop
      vertex 16.72317886352539 4.406546592712402 -5
      vertex 17.5 6.299999237060547 -5
      vertex 16.793865203857422 4.344229698181152 -5
    endloop
  endfacet
  facet normal 0 0 -1
    outer loop
      vertex 16.65654754638672 4.473178863525391 -5
      vertex 17.5 6.299999237060547 -5
      vertex 16.72317886352539 4.406546592712402 -5
    endloop
  endfacet
  facet normal 0 0 -1
    outer loop
      vertex 16.59423065185547 4.543863296508789 -5
      vertex 17.5 6.299999237060547 -5
      vertex 16.65654754638672 4.473178863525391 -5
    endloop
  endfacet
  facet normal 0 0 -1
    outer loop
      vertex 16.536476135253906 4.618321418762207 -5
      vertex 17.5 6.299999237060547 -5
      vertex 16.59423065185547 4.543863296508789 -5
    endloop
  endfacet
  facet normal 0 0 -1
    outer loop
      vertex 16.483509063720703 4.696259498596191 -5
      vertex 17.5 6.299999237060547 -5
      vertex 16.536476135253906 4.618321418762207 -5
    endloop
  endfacet
  facet normal 0 0 -1
    outer loop
      vertex 16.43553924560547 4.777368545532227 -5
      vertex 17.5 6.299999237060547 -5
      vertex 16.483509063720703 4.696259498596191 -5
    endloop
  endfacet
  facet normal 0 0 -1
    outer loop
      vertex 16.39276123046875 4.861330032348633 -5
      vertex 17.5 6.299999237060547 -5
      vertex 16.43553924560547 4.777368545532227 -5
    endloop
  endfacet
  facet normal 0 0 -1
    outer loop
      vertex 17.5 6.299999237060547 -5
      vertex 16.43553924560547 6.222629547119141 -5
      vertex 16.48129653930664 6.299999237060547 -5
    endloop
  endfacet
  facet normal 0 0 -1
    outer loop
      vertex 16.355335235595703 4.947812080383301 -5
      vertex 17.5 6.299999237060547 -5
      vertex 16.39276123046875 4.861330032348633 -5
    endloop
  endfacet
  facet normal 0 0 -1
    outer loop
      vertex 17.5 6.299999237060547 -5
      vertex 16.39276123046875 6.138668060302734 -5
      vertex 16.43553924560547 6.222629547119141 -5
    endloop
  endfacet
  facet normal 0 0 -1
    outer loop
      vertex 16.323415756225586 5.036474227905273 -5
      vertex 17.5 6.299999237060547 -5
      vertex 16.355335235595703 4.947812080383301 -5
    endloop
  endfacet
  facet normal 0 0 -1
    outer loop
      vertex 17.5 6.299999237060547 -5
      vertex 16.355335235595703 6.052186012268066 -5
      vertex 16.39276123046875 6.138668060302734 -5
    endloop
  endfacet
  facet normal 0 0 -1
    outer loop
      vertex 16.29712677001953 5.126964569091797 -5
      vertex 17.5 6.299999237060547 -5
      vertex 16.323415756225586 5.036474227905273 -5
    endloop
  endfacet
  facet normal 0 0 -1
    outer loop
      vertex 17.5 6.299999237060547 -5
      vertex 16.323415756225586 5.96352481842041 -5
      vertex 16.355335235595703 6.052186012268066 -5
    endloop
  endfacet
  facet normal 0 0 -1
    outer loop
      vertex 16.276569366455078 5.218927383422852 -5
      vertex 17.5 6.299999237060547 -5
      vertex 16.29712677001953 5.126964569091797 -5
    endloop
  endfacet
  facet normal 0 0 -1
    outer loop
      vertex 17.5 6.299999237060547 -5
      vertex 16.29712677001953 5.873034477233887 -5
      vertex 16.323415756225586 5.96352481842041 -5
    endloop
  endfacet
  facet normal 0 0 -1
    outer loop
      vertex 16.261829376220703 5.311999320983887 -5
      vertex 17.5 6.299999237060547 -5
      vertex 16.276569366455078 5.218927383422852 -5
    endloop
  endfacet
  facet normal 0 0 -1
    outer loop
      vertex 17.5 6.299999237060547 -5
      vertex 16.276569366455078 5.781071662902832 -5
      vertex 16.29712677001953 5.873034477233887 -5
    endloop
  endfacet
  facet normal 0 0 -1
    outer loop
      vertex 16.252960205078125 5.405813217163086 -5
      vertex 17.5 6.299999237060547 -5
      vertex 16.261829376220703 5.311999320983887 -5
    endloop
  endfacet
  facet normal 0 0 -1
    outer loop
      vertex 17.5 6.299999237060547 -5
      vertex 16.261829376220703 5.6879987716674805 -5
      vertex 16.276569366455078 5.781071662902832 -5
    endloop
  endfacet
  facet normal 0 0 -1
    outer loop
      vertex 16.25 5.499999046325684 -5
      vertex 17.5 6.299999237060547 -5
      vertex 16.252960205078125 5.405813217163086 -5
    endloop
  endfacet
  facet normal 0 0 -1
    outer loop
      vertex 17.5 6.299999237060547 -5
      vertex 16.252960205078125 5.594184875488281 -5
      vertex 16.261829376220703 5.6879987716674805 -5
    endloop
  endfacet
  facet normal 0 0 -1
    outer loop
      vertex 17.5 6.299999237060547 -5
      vertex 16.25 5.499999046325684 -5
      vertex 16.252960205078125 5.594184875488281 -5
    endloop
  endfacet
  facet normal 0 0 -1
    outer loop
      vertex 0.5 6.299999237060547 -5
      vertex 1.75 5.499999046325684 -5
      vertex 1.747039794921875 5.405813217163086 -5
    endloop
  endfacet
  facet normal 0 0 -1
    outer loop
      vertex 0.5 6.299999237060547 -5
      vertex 1.747039794921875 5.405813217163086 -5
      vertex 1.7381715774536133 5.311999320983887 -5
    endloop
  endfacet
  facet normal 0 0 -1
    outer loop
      vertex 1.75 5.499999046325684 -5
      vertex 0.5 6.299999237060547 -5
      vertex 1.747039794921875 5.594184875488281 -5
    endloop
  endfacet
  facet normal 0 0 -1
    outer loop
      vertex 0.5 6.299999237060547 -5
      vertex 1.7381715774536133 5.311999320983887 -5
      vertex 1.7234306335449219 5.218927383422852 -5
    endloop
  endfacet
  facet normal 0 0 -1
    outer loop
      vertex 1.747039794921875 5.594184875488281 -5
      vertex 0.5 6.299999237060547 -5
      vertex 1.7381715774536133 5.6879987716674805 -5
    endloop
  endfacet
  facet normal 0 0 -1
    outer loop
      vertex 0.5 6.299999237060547 -5
      vertex 1.7234306335449219 5.218927383422852 -5
      vertex 1.7028741836547852 5.126964569091797 -5
    endloop
  endfacet
  facet normal 0 0 -1
    outer loop
      vertex 1.7381715774536133 5.6879987716674805 -5
      vertex 0.5 6.299999237060547 -5
      vertex 1.7234306335449219 5.781071662902832 -5
    endloop
  endfacet
  facet normal 0 0 -1
    outer loop
      vertex 0.5 6.299999237060547 -5
      vertex 1.7028741836547852 5.126964569091797 -5
      vertex 1.676584243774414 5.036474227905273 -5
    endloop
  endfacet
  facet normal 0 0 -1
    outer loop
      vertex 1.7234306335449219 5.781071662902832 -5
      vertex 0.5 6.299999237060547 -5
      vertex 1.7028741836547852 5.873034477233887 -5
    endloop
  endfacet
  facet normal 0 0 -1
    outer loop
      vertex 0.5 6.299999237060547 -5
      vertex 1.676584243774414 5.036474227905273 -5
      vertex 1.6446638107299805 4.947812080383301 -5
    endloop
  endfacet
  facet normal 0 0 -1
    outer loop
      vertex 1.7028741836547852 5.873034477233887 -5
      vertex 0.5 6.299999237060547 -5
      vertex 1.676584243774414 5.96352481842041 -5
    endloop
  endfacet
  facet normal 0 0 -1
    outer loop
      vertex 0.5 6.299999237060547 -5
      vertex 1.6446638107299805 4.947812080383301 -5
      vertex 1.6072397232055664 4.861330032348633 -5
    endloop
  endfacet
  facet normal 0 0 -1
    outer loop
      vertex 1.676584243774414 5.96352481842041 -5
      vertex 0.5 6.299999237060547 -5
      vertex 1.6446638107299805 6.052186012268066 -5
    endloop
  endfacet
  facet normal 0 0 -1
    outer loop
      vertex 0.5 6.299999237060547 -5
      vertex 1.6072397232055664 4.861330032348633 -5
      vertex 1.5644598007202148 4.777368545532227 -5
    endloop
  endfacet
  facet normal 0 0 -1
    outer loop
      vertex 1.6446638107299805 6.052186012268066 -5
      vertex 0.5 6.299999237060547 -5
      vertex 1.6072397232055664 6.138668060302734 -5
    endloop
  endfacet
  facet normal 0 0 -1
    outer loop
      vertex 1.6072397232055664 6.138668060302734 -5
      vertex 0.5 6.299999237060547 -5
      vertex 1.5644598007202148 6.222629547119141 -5
    endloop
  endfacet
  facet normal 0 0 -1
    outer loop
      vertex 0.5 6.299999237060547 -5
      vertex 1.5644598007202148 4.777368545532227 -5
      vertex 1.5164909362792969 4.696259498596191 -5
    endloop
  endfacet
  facet normal 0 0 -1
    outer loop
      vertex 0.5 6.299999237060547 -5
      vertex 1.5164909362792969 4.696259498596191 -5
      vertex 1.4635248184204102 4.618321418762207 -5
    endloop
  endfacet
  facet normal 0 0 -1
    outer loop
      vertex 0.5 6.299999237060547 -5
      vertex 1.4635248184204102 4.618321418762207 -5
      vertex 1.4057693481445312 4.543863296508789 -5
    endloop
  endfacet
  facet normal 0 0 -1
    outer loop
      vertex 0.5 6.299999237060547 -5
      vertex 1.4057693481445312 4.543863296508789 -5
      vertex 1.3434524536132812 4.473178863525391 -5
    endloop
  endfacet
  facet normal 0 0 -1
    outer loop
      vertex 0.5 6.299999237060547 -5
      vertex 1.3434524536132812 4.473178863525391 -5
      vertex 1.276820182800293 4.406546592712402 -5
    endloop
  endfacet
  facet normal 0 0 -1
    outer loop
      vertex 0.5 6.299999237060547 -5
      vertex 1.276820182800293 4.406546592712402 -5
      vertex 1.2061357498168945 4.344229698181152 -5
    endloop
  endfacet
  facet normal 0 0 -1
    outer loop
      vertex 0.5 6.299999237060547 -5
      vertex 1.2061357498168945 4.344229698181152 -5
      vertex 1.1316776275634766 4.286474227905273 -5
    endloop
  endfacet
  facet normal 0 0 -1
    outer loop
      vertex 0.5 6.299999237060547 -5
      vertex 1.1316776275634766 4.286474227905273 -5
      vertex 1.0537395477294922 4.23350715637207 -5
    endloop
  endfacet
  facet normal 0 0 -1
    outer loop
      vertex 0.5 6.299999237060547 -5
      vertex 1.0537395477294922 4.23350715637207 -5
      vertex 1 4.201725959777832 -5
    endloop
  endfacet
  facet normal 0 0 -1
    outer loop
      vertex 1.3499999046325684 1.1999998092651367 -5
      vertex 0.5999999046325684 0.8999996185302734 -5
      vertex 1.299999713897705 1.2999995946884155 -5
    endloop
  endfacet
  facet normal 0 0 -1
    outer loop
      vertex 0.8999996185302734 0.2999992370605469 -5
      vertex 0.9499998092651367 0.19999980926513672 -5
      vertex 0.8999996185302734 0.19999980926513672 -5
    endloop
  endfacet
  facet normal 0 0 -1
    outer loop
      vertex 0.5499997138977051 1 -5
      vertex 1.299999713897705 1.2999995946884155 -5
      vertex 0.5999999046325684 0.8999996185302734 -5
    endloop
  endfacet
  facet normal 0 0 -1
    outer loop
      vertex 0.8499999046325684 0.39999961853027344 -5
      vertex 0.8999996185302734 0.2999992370605469 -5
      vertex 0.8499999046325684 0.2999992370605469 -5
    endloop
  endfacet
  facet normal 0 0 -1
    outer loop
      vertex 1.25 1.399999976158142 -5
      vertex 0.5499997138977051 1 -5
      vertex 1.1999998092651367 1.4999994039535522 -5
    endloop
  endfacet
  facet normal 0 0 -1
    outer loop
      vertex 0.7999997138977051 0.5 -5
      vertex 0.8499999046325684 0.39999961853027344 -5
      vertex 0.7999997138977051 0.39999961853027344 -5
    endloop
  endfacet
  facet normal 0 0 -1
    outer loop
      vertex 1.1999998092651367 1.4999994039535522 -5
      vertex 0.5499997138977051 1 -5
      vertex 1.1499996185302734 1.5999997854232788 -5
    endloop
  endfacet
  facet normal 0 0 -1
    outer loop
      vertex 0.75 0.5999994277954102 -5
      vertex 0.7999997138977051 0.5 -5
      vertex 0.75 0.5 -5
    endloop
  endfacet
  facet normal 0 0 -1
    outer loop
      vertex 1.1499996185302734 1.5999997854232788 -5
      vertex 0.5499997138977051 1 -5
      vertex 1.0999999046325684 1.699999213218689 -5
    endloop
  endfacet
  facet normal 0 0 -1
    outer loop
      vertex 0.6999998092651367 0.6999998092651367 -5
      vertex 0.75 0.5999994277954102 -5
      vertex 0.6999998092651367 0.5999994277954102 -5
    endloop
  endfacet
  facet normal 0 0 -1
    outer loop
      vertex 1.0999999046325684 1.699999213218689 -5
      vertex 0.5499997138977051 1 -5
      vertex 1.049999713897705 1.7999995946884155 -5
    endloop
  endfacet
  facet normal 0 0 -1
    outer loop
      vertex 0.6499996185302734 0.7999992370605469 -5
      vertex 0.6999998092651367 0.6999998092651367 -5
      vertex 0.6499996185302734 0.6999998092651367 -5
    endloop
  endfacet
  facet normal 0 0 -1
    outer loop
      vertex 0.5 1 -5
      vertex 1.049999713897705 1.7999995946884155 -5
      vertex 0.5499997138977051 1 -5
    endloop
  endfacet
  facet normal 0 0 -1
    outer loop
      vertex 0.5999999046325684 0.8999996185302734 -5
      vertex 0.6499996185302734 0.7999992370605469 -5
      vertex 0.5999999046325684 0.7999992370605469 -5
    endloop
  endfacet
  facet normal 0 0 -1
    outer loop
      vertex 1.049999713897705 1.7999995946884155 -5
      vertex 1 1.899999976158142 -5
      vertex 1.049999713897705 1.899999976158142 -5
    endloop
  endfacet
  facet normal 0 0 -1
    outer loop
      vertex 0.5499997138977051 1 -5
      vertex 0.5999999046325684 0.8999996185302734 -5
      vertex 0.5499997138977051 0.8999996185302734 -5
    endloop
  endfacet
  facet normal 0 0 -1
    outer loop
      vertex 1.049999713897705 1.7999995946884155 -5
      vertex 0.5 1 -5
      vertex 1 1.899999976158142 -5
    endloop
  endfacet
  facet normal 0 0 -1
    outer loop
      vertex 1 1.899999976158142 -5
      vertex 0.5 1 -5
      vertex 1 4.201725959777832 -5
    endloop
  endfacet
  facet normal 0 0 -1
    outer loop
      vertex 1.5644598007202148 6.222629547119141 -5
      vertex 0.5 6.299999237060547 -5
      vertex 1.5187029838562012 6.299999237060547 -5
    endloop
  endfacet
  facet normal 0 0 -1
    outer loop
      vertex 0.5 6.299999237060547 -5
      vertex 1 4.201725959777832 -5
      vertex 0.5 1 -5
    endloop
  endfacet
  facet normal -1 0 0
    outer loop
      vertex 1 0 -5
      vertex 1 0.09999942779541016 0
      vertex 1 0.09999942779541016 -5
    endloop
  endfacet
  facet normal -1 0 0
    outer loop
      vertex 1 0.09999942779541016 0
      vertex 1 0 -5
      vertex 1 0 0
    endloop
  endfacet
  facet normal -1 0 0
    outer loop
      vertex 0.5 1 -5
      vertex 0.5 6.299999237060547 0
      vertex 0.5 6.299999237060547 -5
    endloop
  endfacet
  facet normal -1 0 0
    outer loop
      vertex 0.5 6.299999237060547 0
      vertex 0.5 1 -5
      vertex 0.5 1 0
    endloop
  endfacet
  facet normal 0 0 1
    outer loop
      vertex 1.049999713897705 1.899999976158142 0
      vertex 1 1.899999976158142 0
      vertex 1.049999713897705 1.7999995946884155 0
    endloop
  endfacet
  facet normal 0 0 1
    outer loop
      vertex 1.0999999046325684 1.7999995946884155 0
      vertex 1.049999713897705 1.7999995946884155 0
      vertex 1.0999999046325684 1.699999213218689 0
    endloop
  endfacet
  facet normal 0 0 1
    outer loop
      vertex 1.1499996185302734 1.699999213218689 0
      vertex 1.0999999046325684 1.699999213218689 0
      vertex 1.1499996185302734 1.5999997854232788 0
    endloop
  endfacet
  facet normal 0 0 1
    outer loop
      vertex 1.1999998092651367 1.5999997854232788 0
      vertex 1.1499996185302734 1.5999997854232788 0
      vertex 1.1999998092651367 1.4999994039535522 0
    endloop
  endfacet
  facet normal 0 0 1
    outer loop
      vertex 1.25 1.4999994039535522 0
      vertex 1.1999998092651367 1.4999994039535522 0
      vertex 1.25 1.399999976158142 0
    endloop
  endfacet
  facet normal 0 0 1
    outer loop
      vertex 1.299999713897705 1.399999976158142 0
      vertex 1.25 1.399999976158142 0
      vertex 1.299999713897705 1.2999995946884155 0
    endloop
  endfacet
  facet normal 0 0 1
    outer loop
      vertex 1.3499999046325684 1.2999995946884155 0
      vertex 1.299999713897705 1.2999995946884155 0
      vertex 1.3499999046325684 1.1999998092651367 0
    endloop
  endfacet
  facet normal 0 0 1
    outer loop
      vertex 17 4.201725959777832 0
      vertex 17.5 1 0
      vertex 17.5 6.299999237060547 0
    endloop
  endfacet
  facet normal 0 0 1
    outer loop
      vertex 17.450000762939453 1 0
      vertex 17.399999618530273 0.8999996185302734 0
      vertex 17.450000762939453 0.8999996185302734 0
    endloop
  endfacet
  facet normal 0 0 1
    outer loop
      vertex 17 1.899999976158142 0
      vertex 17.5 1 0
      vertex 17 4.201725959777832 0
    endloop
  endfacet
  facet normal 0 0 1
    outer loop
      vertex 17.399999618530273 0.8999996185302734 0
      vertex 17.350000381469727 0.7999992370605469 0
      vertex 17.399999618530273 0.7999992370605469 0
    endloop
  endfacet
  facet normal 0 0 1
    outer loop
      vertex 16.950000762939453 1.7999995946884155 0
      vertex 17.5 1 0
      vertex 17 1.899999976158142 0
    endloop
  endfacet
  facet normal 0 0 1
    outer loop
      vertex 17.350000381469727 0.7999992370605469 0
      vertex 17.299999237060547 0.6999998092651367 0
      vertex 17.350000381469727 0.6999998092651367 0
    endloop
  endfacet
  facet normal 0 0 1
    outer loop
      vertex 17.5 1 0
      vertex 16.950000762939453 1.7999995946884155 0
      vertex 17.450000762939453 1 0
    endloop
  endfacet
  facet normal 0 0 1
    outer loop
      vertex 17.299999237060547 0.6999998092651367 0
      vertex 17.25 0.5999994277954102 0
      vertex 17.299999237060547 0.5999994277954102 0
    endloop
  endfacet
  facet normal 0 0 1
    outer loop
      vertex 16.899999618530273 1.699999213218689 0
      vertex 17.450000762939453 1 0
      vertex 16.950000762939453 1.7999995946884155 0
    endloop
  endfacet
  facet normal 0 0 1
    outer loop
      vertex 17.25 0.5999994277954102 0
      vertex 17.200000762939453 0.5 0
      vertex 17.25 0.5 0
    endloop
  endfacet
  facet normal 0 0 1
    outer loop
      vertex 16.799999237060547 1.4999994039535522 0
      vertex 17.450000762939453 1 0
      vertex 16.850000381469727 1.5999997854232788 0
    endloop
  endfacet
  facet normal 0 0 1
    outer loop
      vertex 17.200000762939453 0.5 0
      vertex 17.149999618530273 0.39999961853027344 0
      vertex 17.200000762939453 0.39999961853027344 0
    endloop
  endfacet
  facet normal 0 0 1
    outer loop
      vertex 16.75 1.399999976158142 0
      vertex 17.450000762939453 1 0
      vertex 16.799999237060547 1.4999994039535522 0
    endloop
  endfacet
  facet normal 0 0 1
    outer loop
      vertex 17.149999618530273 0.39999961853027344 0
      vertex 17.100000381469727 0.2999992370605469 0
      vertex 17.149999618530273 0.2999992370605469 0
    endloop
  endfacet
  facet normal 0 0 1
    outer loop
      vertex 16.700000762939453 1.2999995946884155 0
      vertex 17.450000762939453 1 0
      vertex 16.75 1.399999976158142 0
    endloop
  endfacet
  facet normal 0 0 1
    outer loop
      vertex 17.100000381469727 0.2999992370605469 0
      vertex 17.049999237060547 0.19999980926513672 0
      vertex 17.100000381469727 0.19999980926513672 0
    endloop
  endfacet
  facet normal 0 0 1
    outer loop
      vertex 17.450000762939453 1 0
      vertex 16.700000762939453 1.2999995946884155 0
      vertex 17.399999618530273 0.8999996185302734 0
    endloop
  endfacet
  facet normal 0 0 1
    outer loop
      vertex 16.649999618530273 1.1999998092651367 0
      vertex 17.399999618530273 0.8999996185302734 0
      vertex 16.700000762939453 1.2999995946884155 0
    endloop
  endfacet
  facet normal 0 0 1
    outer loop
      vertex 16.850000381469727 1.5999997854232788 0
      vertex 17.450000762939453 1 0
      vertex 16.899999618530273 1.699999213218689 0
    endloop
  endfacet
  facet normal 0 0 1
    outer loop
      vertex 17.5 6.299999237060547 0
      vertex 16.946260452270508 4.23350715637207 0
      vertex 17 4.201725959777832 0
    endloop
  endfacet
  facet normal 0 0 1
    outer loop
      vertex 17.5 6.299999237060547 0
      vertex 16.868322372436523 4.286474227905273 0
      vertex 16.946260452270508 4.23350715637207 0
    endloop
  endfacet
  facet normal 0 0 1
    outer loop
      vertex 17.5 6.299999237060547 0
      vertex 16.793865203857422 4.344229698181152 0
      vertex 16.868322372436523 4.286474227905273 0
    endloop
  endfacet
  facet normal 0 0 1
    outer loop
      vertex 17.5 6.299999237060547 0
      vertex 16.72317886352539 4.406546592712402 0
      vertex 16.793865203857422 4.344229698181152 0
    endloop
  endfacet
  facet normal 0 0 1
    outer loop
      vertex 17.5 6.299999237060547 0
      vertex 16.65654754638672 4.473178863525391 0
      vertex 16.72317886352539 4.406546592712402 0
    endloop
  endfacet
  facet normal 0 0 1
    outer loop
      vertex 17.5 6.299999237060547 0
      vertex 16.59423065185547 4.543863296508789 0
      vertex 16.65654754638672 4.473178863525391 0
    endloop
  endfacet
  facet normal 0 0 1
    outer loop
      vertex 17.5 6.299999237060547 0
      vertex 16.536476135253906 4.618321418762207 0
      vertex 16.59423065185547 4.543863296508789 0
    endloop
  endfacet
  facet normal 0 0 1
    outer loop
      vertex 17.5 6.299999237060547 0
      vertex 16.483509063720703 4.696259498596191 0
      vertex 16.536476135253906 4.618321418762207 0
    endloop
  endfacet
  facet normal 0 0 1
    outer loop
      vertex 16.43553924560547 6.222629547119141 0
      vertex 17.5 6.299999237060547 0
      vertex 16.48129653930664 6.299999237060547 0
    endloop
  endfacet
  facet normal 0 0 1
    outer loop
      vertex 16.39276123046875 6.138668060302734 0
      vertex 17.5 6.299999237060547 0
      vertex 16.43553924560547 6.222629547119141 0
    endloop
  endfacet
  facet normal 0 0 1
    outer loop
      vertex 17.5 6.299999237060547 0
      vertex 16.43553924560547 4.777368545532227 0
      vertex 16.483509063720703 4.696259498596191 0
    endloop
  endfacet
  facet normal 0 0 1
    outer loop
      vertex 16.355335235595703 6.052186012268066 0
      vertex 17.5 6.299999237060547 0
      vertex 16.39276123046875 6.138668060302734 0
    endloop
  endfacet
  facet normal 0 0 1
    outer loop
      vertex 17.5 6.299999237060547 0
      vertex 16.39276123046875 4.861330032348633 0
      vertex 16.43553924560547 4.777368545532227 0
    endloop
  endfacet
  facet normal 0 0 1
    outer loop
      vertex 16.323415756225586 5.96352481842041 0
      vertex 17.5 6.299999237060547 0
      vertex 16.355335235595703 6.052186012268066 0
    endloop
  endfacet
  facet normal 0 0 1
    outer loop
      vertex 17.5 6.299999237060547 0
      vertex 16.355335235595703 4.947812080383301 0
      vertex 16.39276123046875 4.861330032348633 0
    endloop
  endfacet
  facet normal 0 0 1
    outer loop
      vertex 16.29712677001953 5.873034477233887 0
      vertex 17.5 6.299999237060547 0
      vertex 16.323415756225586 5.96352481842041 0
    endloop
  endfacet
  facet normal 0 0 1
    outer loop
      vertex 17.5 6.299999237060547 0
      vertex 16.323415756225586 5.036474227905273 0
      vertex 16.355335235595703 4.947812080383301 0
    endloop
  endfacet
  facet normal 0 0 1
    outer loop
      vertex 16.276569366455078 5.781071662902832 0
      vertex 17.5 6.299999237060547 0
      vertex 16.29712677001953 5.873034477233887 0
    endloop
  endfacet
  facet normal 0 0 1
    outer loop
      vertex 17.5 6.299999237060547 0
      vertex 16.29712677001953 5.126964569091797 0
      vertex 16.323415756225586 5.036474227905273 0
    endloop
  endfacet
  facet normal 0 0 1
    outer loop
      vertex 16.261829376220703 5.6879987716674805 0
      vertex 17.5 6.299999237060547 0
      vertex 16.276569366455078 5.781071662902832 0
    endloop
  endfacet
  facet normal 0 0 1
    outer loop
      vertex 17.5 6.299999237060547 0
      vertex 16.276569366455078 5.218927383422852 0
      vertex 16.29712677001953 5.126964569091797 0
    endloop
  endfacet
  facet normal 0 0 1
    outer loop
      vertex 16.252960205078125 5.594184875488281 0
      vertex 17.5 6.299999237060547 0
      vertex 16.261829376220703 5.6879987716674805 0
    endloop
  endfacet
  facet normal 0 0 1
    outer loop
      vertex 17.5 6.299999237060547 0
      vertex 16.261829376220703 5.311999320983887 0
      vertex 16.276569366455078 5.218927383422852 0
    endloop
  endfacet
  facet normal 0 0 1
    outer loop
      vertex 16.25 5.499999046325684 0
      vertex 17.5 6.299999237060547 0
      vertex 16.252960205078125 5.594184875488281 0
    endloop
  endfacet
  facet normal 0 0 1
    outer loop
      vertex 17.5 6.299999237060547 0
      vertex 16.252960205078125 5.405813217163086 0
      vertex 16.261829376220703 5.311999320983887 0
    endloop
  endfacet
  facet normal 0 0 1
    outer loop
      vertex 17.5 6.299999237060547 0
      vertex 16.25 5.499999046325684 0
      vertex 16.252960205078125 5.405813217163086 0
    endloop
  endfacet
  facet normal 0 0 1
    outer loop
      vertex 17.399999618530273 0.8999996185302734 0
      vertex 16.649999618530273 1.1999998092651367 0
      vertex 17.350000381469727 0.7999992370605469 0
    endloop
  endfacet
  facet normal 0 0 1
    outer loop
      vertex 17.350000381469727 0.7999992370605469 0
      vertex 16.649999618530273 1.1999998092651367 0
      vertex 17.299999237060547 0.6999998092651367 0
    endloop
  endfacet
  facet normal 0 0 1
    outer loop
      vertex 17.299999237060547 0.6999998092651367 0
      vertex 16.649999618530273 1.1999998092651367 0
      vertex 17.25 0.5999994277954102 0
    endloop
  endfacet
  facet normal 0 0 1
    outer loop
      vertex 16.950000762939453 1.7999995946884155 0
      vertex 17 1.899999976158142 0
      vertex 16.950000762939453 1.899999976158142 0
    endloop
  endfacet
  facet normal 0 0 1
    outer loop
      vertex 17.25 0.5999994277954102 0
      vertex 16.649999618530273 1.1999998092651367 0
      vertex 17.200000762939453 0.5 0
    endloop
  endfacet
  facet normal 0 0 1
    outer loop
      vertex 16.899999618530273 1.699999213218689 0
      vertex 16.950000762939453 1.7999995946884155 0
      vertex 16.899999618530273 1.7999995946884155 0
    endloop
  endfacet
  facet normal 0 0 1
    outer loop
      vertex 17.200000762939453 0.5 0
      vertex 16.649999618530273 1.1999998092651367 0
      vertex 17.149999618530273 0.39999961853027344 0
    endloop
  endfacet
  facet normal 0 0 1
    outer loop
      vertex 16.850000381469727 1.5999997854232788 0
      vertex 16.899999618530273 1.699999213218689 0
      vertex 16.850000381469727 1.699999213218689 0
    endloop
  endfacet
  facet normal 0 0 1
    outer loop
      vertex 17.149999618530273 0.39999961853027344 0
      vertex 16.649999618530273 1.1999998092651367 0
      vertex 17.100000381469727 0.2999992370605469 0
    endloop
  endfacet
  facet normal 0 0 1
    outer loop
      vertex 16.799999237060547 1.4999994039535522 0
      vertex 16.850000381469727 1.5999997854232788 0
      vertex 16.799999237060547 1.5999997854232788 0
    endloop
  endfacet
  facet normal 0 0 1
    outer loop
      vertex 17.100000381469727 0.2999992370605469 0
      vertex 16.649999618530273 1.1999998092651367 0
      vertex 17.049999237060547 0.19999980926513672 0
    endloop
  endfacet
  facet normal 0 0 1
    outer loop
      vertex 16.75 1.399999976158142 0
      vertex 16.799999237060547 1.4999994039535522 0
      vertex 16.75 1.4999994039535522 0
    endloop
  endfacet
  facet normal 0 0 1
    outer loop
      vertex 17 0.09999942779541016 0
      vertex 17.049999237060547 0.19999980926513672 0
      vertex 16.649999618530273 1.1999998092651367 0
    endloop
  endfacet
  facet normal 0 0 1
    outer loop
      vertex 16.700000762939453 1.2999995946884155 0
      vertex 16.75 1.399999976158142 0
      vertex 16.700000762939453 1.399999976158142 0
    endloop
  endfacet
  facet normal 0 0 1
    outer loop
      vertex 17.049999237060547 0.19999980926513672 0
      vertex 17 0.09999942779541016 0
      vertex 17.049999237060547 0.09999942779541016 0
    endloop
  endfacet
  facet normal 0 0 1
    outer loop
      vertex 16.649999618530273 1.1999998092651367 0
      vertex 16.700000762939453 1.2999995946884155 0
      vertex 16.649999618530273 1.2999995946884155 0
    endloop
  endfacet
  facet normal 0 0 1
    outer loop
      vertex 17 0.09999942779541016 0
      vertex 16.649999618530273 1.1999998092651367 0
      vertex 17 0 0
    endloop
  endfacet
  facet normal 0 0 1
    outer loop
      vertex 1.3499999046325684 1.1999998092651367 0
      vertex 17 0 0
      vertex 16.649999618530273 1.1999998092651367 0
    endloop
  endfacet
  facet normal 0 0 1
    outer loop
      vertex 0.9499998092651367 0.19999980926513672 0
      vertex 1.25 1.399999976158142 0
      vertex 1.1999998092651367 1.4999994039535522 0
    endloop
  endfacet
  facet normal 0 0 1
    outer loop
      vertex 0.5 1 0
      vertex 1.049999713897705 1.7999995946884155 0
      vertex 1 1.899999976158142 0
    endloop
  endfacet
  facet normal 0 0 1
    outer loop
      vertex 0.9499998092651367 0.19999980926513672 0
      vertex 1.0999999046325684 1.699999213218689 0
      vertex 1.049999713897705 1.7999995946884155 0
    endloop
  endfacet
  facet normal 0 0 1
    outer loop
      vertex 0.9499998092651367 0.19999980926513672 0
      vertex 1.1499996185302734 1.5999997854232788 0
      vertex 1.0999999046325684 1.699999213218689 0
    endloop
  endfacet
  facet normal 0 0 1
    outer loop
      vertex 0.9499998092651367 0.19999980926513672 0
      vertex 1.1999998092651367 1.4999994039535522 0
      vertex 1.1499996185302734 1.5999997854232788 0
    endloop
  endfacet
  facet normal 0 0 1
    outer loop
      vertex 1.25 1.399999976158142 0
      vertex 0.9499998092651367 0.19999980926513672 0
      vertex 1.299999713897705 1.2999995946884155 0
    endloop
  endfacet
  facet normal 0 0 1
    outer loop
      vertex 0.9499998092651367 0.19999980926513672 0
      vertex 1.3499999046325684 1.1999998092651367 0
      vertex 1.299999713897705 1.2999995946884155 0
    endloop
  endfacet
  facet normal 0 0 1
    outer loop
      vertex 1 0 0
      vertex 1.3499999046325684 1.1999998092651367 0
      vertex 1 0.09999942779541016 0
    endloop
  endfacet
  facet normal 0 0 1
    outer loop
      vertex 1.3499999046325684 1.1999998092651367 0
      vertex 1 0 0
      vertex 17 0 0
    endloop
  endfacet
  facet normal 0 0 1
    outer loop
      vertex 0.5 6.299999237060547 0
      vertex 1.75 5.499999046325684 0
      vertex 1.747039794921875 5.594184875488281 0
    endloop
  endfacet
  facet normal 0 0 1
    outer loop
      vertex 0.5 6.299999237060547 0
      vertex 1.747039794921875 5.594184875488281 0
      vertex 1.7381715774536133 5.6879987716674805 0
    endloop
  endfacet
  facet normal 0 0 1
    outer loop
      vertex 1.75 5.499999046325684 0
      vertex 0.5 6.299999237060547 0
      vertex 1.747039794921875 5.405813217163086 0
    endloop
  endfacet
  facet normal 0 0 1
    outer loop
      vertex 0.5 6.299999237060547 0
      vertex 1.7381715774536133 5.6879987716674805 0
      vertex 1.7234306335449219 5.781071662902832 0
    endloop
  endfacet
  facet normal 0 0 1
    outer loop
      vertex 1.747039794921875 5.405813217163086 0
      vertex 0.5 6.299999237060547 0
      vertex 1.7381715774536133 5.311999320983887 0
    endloop
  endfacet
  facet normal 0 0 1
    outer loop
      vertex 0.5 6.299999237060547 0
      vertex 1.7234306335449219 5.781071662902832 0
      vertex 1.7028741836547852 5.873034477233887 0
    endloop
  endfacet
  facet normal 0 0 1
    outer loop
      vertex 1.7381715774536133 5.311999320983887 0
      vertex 0.5 6.299999237060547 0
      vertex 1.7234306335449219 5.218927383422852 0
    endloop
  endfacet
  facet normal 0 0 1
    outer loop
      vertex 0.5 6.299999237060547 0
      vertex 1.7028741836547852 5.873034477233887 0
      vertex 1.676584243774414 5.96352481842041 0
    endloop
  endfacet
  facet normal 0 0 1
    outer loop
      vertex 1.7234306335449219 5.218927383422852 0
      vertex 0.5 6.299999237060547 0
      vertex 1.7028741836547852 5.126964569091797 0
    endloop
  endfacet
  facet normal 0 0 1
    outer loop
      vertex 0.5 6.299999237060547 0
      vertex 1.676584243774414 5.96352481842041 0
      vertex 1.6446638107299805 6.052186012268066 0
    endloop
  endfacet
  facet normal 0 0 1
    outer loop
      vertex 1.7028741836547852 5.126964569091797 0
      vertex 0.5 6.299999237060547 0
      vertex 1.676584243774414 5.036474227905273 0
    endloop
  endfacet
  facet normal 0 0 1
    outer loop
      vertex 0.5 6.299999237060547 0
      vertex 1.6446638107299805 6.052186012268066 0
      vertex 1.6072397232055664 6.138668060302734 0
    endloop
  endfacet
  facet normal 0 0 1
    outer loop
      vertex 1.676584243774414 5.036474227905273 0
      vertex 0.5 6.299999237060547 0
      vertex 1.6446638107299805 4.947812080383301 0
    endloop
  endfacet
  facet normal 0 0 1
    outer loop
      vertex 0.5 6.299999237060547 0
      vertex 1.6072397232055664 6.138668060302734 0
      vertex 1.5644598007202148 6.222629547119141 0
    endloop
  endfacet
  facet normal 0 0 1
    outer loop
      vertex 1.6446638107299805 4.947812080383301 0
      vertex 0.5 6.299999237060547 0
      vertex 1.6072397232055664 4.861330032348633 0
    endloop
  endfacet
  facet normal 0 0 1
    outer loop
      vertex 0.5 6.299999237060547 0
      vertex 1.5644598007202148 6.222629547119141 0
      vertex 1.5187029838562012 6.299999237060547 0
    endloop
  endfacet
  facet normal 0 0 1
    outer loop
      vertex 1.6072397232055664 4.861330032348633 0
      vertex 0.5 6.299999237060547 0
      vertex 1.5644598007202148 4.777368545532227 0
    endloop
  endfacet
  facet normal 0 0 1
    outer loop
      vertex 1.5644598007202148 4.777368545532227 0
      vertex 0.5 6.299999237060547 0
      vertex 1.5164909362792969 4.696259498596191 0
    endloop
  endfacet
  facet normal 0 0 1
    outer loop
      vertex 1.5164909362792969 4.696259498596191 0
      vertex 0.5 6.299999237060547 0
      vertex 1.4635248184204102 4.618321418762207 0
    endloop
  endfacet
  facet normal 0 0 1
    outer loop
      vertex 1.4635248184204102 4.618321418762207 0
      vertex 0.5 6.299999237060547 0
      vertex 1.4057693481445312 4.543863296508789 0
    endloop
  endfacet
  facet normal 0 0 1
    outer loop
      vertex 1.4057693481445312 4.543863296508789 0
      vertex 0.5 6.299999237060547 0
      vertex 1.3434524536132812 4.473178863525391 0
    endloop
  endfacet
  facet normal 0 0 1
    outer loop
      vertex 1.3434524536132812 4.473178863525391 0
      vertex 0.5 6.299999237060547 0
      vertex 1.276820182800293 4.406546592712402 0
    endloop
  endfacet
  facet normal 0 0 1
    outer loop
      vertex 1.276820182800293 4.406546592712402 0
      vertex 0.5 6.299999237060547 0
      vertex 1.2061357498168945 4.344229698181152 0
    endloop
  endfacet
  facet normal 0 0 1
    outer loop
      vertex 1.2061357498168945 4.344229698181152 0
      vertex 0.5 6.299999237060547 0
      vertex 1.1316776275634766 4.286474227905273 0
    endloop
  endfacet
  facet normal 0 0 1
    outer loop
      vertex 1.1316776275634766 4.286474227905273 0
      vertex 0.5 6.299999237060547 0
      vertex 1.0537395477294922 4.23350715637207 0
    endloop
  endfacet
  facet normal 0 0 1
    outer loop
      vertex 0.5 1 0
      vertex 1 1.899999976158142 0
      vertex 1 4.201725959777832 0
    endloop
  endfacet
  facet normal 0 0 1
    outer loop
      vertex 1.3499999046325684 1.1999998092651367 0
      vertex 0.9499998092651367 0.19999980926513672 0
      vertex 1 0.09999942779541016 0
    endloop
  endfacet
  facet normal 0 0 1
    outer loop
      vertex 1.049999713897705 1.7999995946884155 0
      vertex 0.8999996185302734 0.2999992370605469 0
      vertex 0.9499998092651367 0.19999980926513672 0
    endloop
  endfacet
  facet normal 0 0 1
    outer loop
      vertex 1.049999713897705 1.7999995946884155 0
      vertex 0.8499999046325684 0.39999961853027344 0
      vertex 0.8999996185302734 0.2999992370605469 0
    endloop
  endfacet
  facet normal 0 0 1
    outer loop
      vertex 1.049999713897705 1.7999995946884155 0
      vertex 0.7999997138977051 0.5 0
      vertex 0.8499999046325684 0.39999961853027344 0
    endloop
  endfacet
  facet normal 0 0 1
    outer loop
      vertex 1.049999713897705 1.7999995946884155 0
      vertex 0.75 0.5999994277954102 0
      vertex 0.7999997138977051 0.5 0
    endloop
  endfacet
  facet normal 0 0 1
    outer loop
      vertex 1.049999713897705 1.7999995946884155 0
      vertex 0.6999998092651367 0.6999998092651367 0
      vertex 0.75 0.5999994277954102 0
    endloop
  endfacet
  facet normal 0 0 1
    outer loop
      vertex 1.049999713897705 1.7999995946884155 0
      vertex 0.6499996185302734 0.7999992370605469 0
      vertex 0.6999998092651367 0.6999998092651367 0
    endloop
  endfacet
  facet normal 0 0 1
    outer loop
      vertex 1.049999713897705 1.7999995946884155 0
      vertex 0.5999999046325684 0.8999996185302734 0
      vertex 0.6499996185302734 0.7999992370605469 0
    endloop
  endfacet
  facet normal 0 0 1
    outer loop
      vertex 1.049999713897705 1.7999995946884155 0
      vertex 0.5499997138977051 1 0
      vertex 0.5999999046325684 0.8999996185302734 0
    endloop
  endfacet
  facet normal 0 0 1
    outer loop
      vertex 1.0537395477294922 4.23350715637207 0
      vertex 0.5 6.299999237060547 0
      vertex 1 4.201725959777832 0
    endloop
  endfacet
  facet normal 0 0 1
    outer loop
      vertex 0.5 1 0
      vertex 1 4.201725959777832 0
      vertex 0.5 6.299999237060547 0
    endloop
  endfacet
  facet normal 0 0 1
    outer loop
      vertex 1.049999713897705 1.7999995946884155 0
      vertex 0.5 1 0
      vertex 0.5499997138977051 1 0
    endloop
  endfacet
  facet normal 0 0 1
    outer loop
      vertex 1 0.09999942779541016 0
      vertex 0.9499998092651367 0.19999980926513672 0
      vertex 0.9499998092651367 0.09999942779541016 0
    endloop
  endfacet
  facet normal 0 0 1
    outer loop
      vertex 0.9499998092651367 0.19999980926513672 0
      vertex 0.8999996185302734 0.2999992370605469 0
      vertex 0.8999996185302734 0.19999980926513672 0
    endloop
  endfacet
  facet normal 0 0 1
    outer loop
      vertex 0.8999996185302734 0.2999992370605469 0
      vertex 0.8499999046325684 0.39999961853027344 0
      vertex 0.8499999046325684 0.2999992370605469 0
    endloop
  endfacet
  facet normal 0 0 1
    outer loop
      vertex 0.8499999046325684 0.39999961853027344 0
      vertex 0.7999997138977051 0.5 0
      vertex 0.7999997138977051 0.39999961853027344 0
    endloop
  endfacet
  facet normal 0 0 1
    outer loop
      vertex 0.7999997138977051 0.5 0
      vertex 0.75 0.5999994277954102 0
      vertex 0.75 0.5 0
    endloop
  endfacet
  facet normal 0 0 1
    outer loop
      vertex 0.75 0.5999994277954102 0
      vertex 0.6999998092651367 0.6999998092651367 0
      vertex 0.6999998092651367 0.5999994277954102 0
    endloop
  endfacet
  facet normal 0 0 1
    outer loop
      vertex 0.6999998092651367 0.6999998092651367 0
      vertex 0.6499996185302734 0.7999992370605469 0
      vertex 0.6499996185302734 0.6999998092651367 0
    endloop
  endfacet
  facet normal 0 0 1
    outer loop
      vertex 0.6499996185302734 0.7999992370605469 0
      vertex 0.5999999046325684 0.8999996185302734 0
      vertex 0.5999999046325684 0.7999992370605469 0
    endloop
  endfacet
  facet normal 0 0 1
    outer loop
      vertex 0.5999999046325684 0.8999996185302734 0
      vertex 0.5499997138977051 1 0
      vertex 0.5499997138977051 0.8999996185302734 0
    endloop
  endfacet
  facet normal 0 -1 0
    outer loop
      vertex 0.9499998092651367 0.09999942779541016 -5
      vertex 1 0.09999942779541016 0
      vertex 0.9499998092651367 0.09999942779541016 0
    endloop
  endfacet
  facet normal 0 -1 0
    outer loop
      vertex 1 0.09999942779541016 0
      vertex 0.9499998092651367 0.09999942779541016 -5
      vertex 1 0.09999942779541016 -5
    endloop
  endfacet
  facet normal 0 -1 0
    outer loop
      vertex 1 0 -5
      vertex 17 0 0
      vertex 1 0 0
    endloop
  endfacet
  facet normal 0 -1 0
    outer loop
      vertex 17 0 0
      vertex 1 0 -5
      vertex 17 0 -5
    endloop
  endfacet
  facet normal -1 0 0
    outer loop
      vertex 0.9499998092651367 0.09999942779541016 -5
      vertex 0.9499998092651367 0.19999980926513672 0
      vertex 0.9499998092651367 0.19999980926513672 -5
    endloop
  endfacet
  facet normal -1 0 0
    outer loop
      vertex 0.9499998092651367 0.19999980926513672 0
      vertex 0.9499998092651367 0.09999942779541016 -5
      vertex 0.9499998092651367 0.09999942779541016 0
    endloop
  endfacet
  facet normal 0 -1 0
    outer loop
      vertex 0.8999996185302734 0.19999980926513672 -5
      vertex 0.9499998092651367 0.19999980926513672 0
      vertex 0.8999996185302734 0.19999980926513672 0
    endloop
  endfacet
  facet normal 0 -1 0
    outer loop
      vertex 0.9499998092651367 0.19999980926513672 0
      vertex 0.8999996185302734 0.19999980926513672 -5
      vertex 0.9499998092651367 0.19999980926513672 -5
    endloop
  endfacet
  facet normal -1 0 0
    outer loop
      vertex 0.8999996185302734 0.19999980926513672 -5
      vertex 0.8999996185302734 0.2999992370605469 0
      vertex 0.8999996185302734 0.2999992370605469 -5
    endloop
  endfacet
  facet normal -1 0 0
    outer loop
      vertex 0.8999996185302734 0.2999992370605469 0
      vertex 0.8999996185302734 0.19999980926513672 -5
      vertex 0.8999996185302734 0.19999980926513672 0
    endloop
  endfacet
  facet normal 0 -1 0
    outer loop
      vertex 0.8499999046325684 0.2999992370605469 -5
      vertex 0.8999996185302734 0.2999992370605469 0
      vertex 0.8499999046325684 0.2999992370605469 0
    endloop
  endfacet
  facet normal 0 -1 0
    outer loop
      vertex 0.8999996185302734 0.2999992370605469 0
      vertex 0.8499999046325684 0.2999992370605469 -5
      vertex 0.8999996185302734 0.2999992370605469 -5
    endloop
  endfacet
  facet normal -1 0 0
    outer loop
      vertex 0.8499999046325684 0.2999992370605469 -5
      vertex 0.8499999046325684 0.39999961853027344 0
      vertex 0.8499999046325684 0.39999961853027344 -5
    endloop
  endfacet
  facet normal -1 0 0
    outer loop
      vertex 0.8499999046325684 0.39999961853027344 0
      vertex 0.8499999046325684 0.2999992370605469 -5
      vertex 0.8499999046325684 0.2999992370605469 0
    endloop
  endfacet
  facet normal 0 -1 0
    outer loop
      vertex 0.7999997138977051 0.39999961853027344 -5
      vertex 0.8499999046325684 0.39999961853027344 0
      vertex 0.7999997138977051 0.39999961853027344 0
    endloop
  endfacet
  facet normal 0 -1 0
    outer loop
      vertex 0.8499999046325684 0.39999961853027344 0
      vertex 0.7999997138977051 0.39999961853027344 -5
      vertex 0.8499999046325684 0.39999961853027344 -5
    endloop
  endfacet
  facet normal -1 0 0
    outer loop
      vertex 0.7999997138977051 0.39999961853027344 -5
      vertex 0.7999997138977051 0.5 0
      vertex 0.7999997138977051 0.5 -5
    endloop
  endfacet
  facet normal -1 0 0
    outer loop
      vertex 0.7999997138977051 0.5 0
      vertex 0.7999997138977051 0.39999961853027344 -5
      vertex 0.7999997138977051 0.39999961853027344 0
    endloop
  endfacet
  facet normal 0 -1 0
    outer loop
      vertex 0.75 0.5 -5
      vertex 0.7999997138977051 0.5 0
      vertex 0.75 0.5 0
    endloop
  endfacet
  facet normal 0 -1 0
    outer loop
      vertex 0.7999997138977051 0.5 0
      vertex 0.75 0.5 -5
      vertex 0.7999997138977051 0.5 -5
    endloop
  endfacet
  facet normal -1 0 0
    outer loop
      vertex 0.75 0.5 -5
      vertex 0.75 0.5999994277954102 0
      vertex 0.75 0.5999994277954102 -5
    endloop
  endfacet
  facet normal -1 0 0
    outer loop
      vertex 0.75 0.5999994277954102 0
      vertex 0.75 0.5 -5
      vertex 0.75 0.5 0
    endloop
  endfacet
  facet normal 0 -1 0
    outer loop
      vertex 0.6999998092651367 0.5999994277954102 -5
      vertex 0.75 0.5999994277954102 0
      vertex 0.6999998092651367 0.5999994277954102 0
    endloop
  endfacet
  facet normal 0 -1 0
    outer loop
      vertex 0.75 0.5999994277954102 0
      vertex 0.6999998092651367 0.5999994277954102 -5
      vertex 0.75 0.5999994277954102 -5
    endloop
  endfacet
  facet normal -1 0 0
    outer loop
      vertex 0.6999998092651367 0.5999994277954102 -5
      vertex 0.6999998092651367 0.6999998092651367 0
      vertex 0.6999998092651367 0.6999998092651367 -5
    endloop
  endfacet
  facet normal -1 0 0
    outer loop
      vertex 0.6999998092651367 0.6999998092651367 0
      vertex 0.6999998092651367 0.5999994277954102 -5
      vertex 0.6999998092651367 0.5999994277954102 0
    endloop
  endfacet
  facet normal 0 -1 0
    outer loop
      vertex 0.6499996185302734 0.6999998092651367 -5
      vertex 0.6999998092651367 0.6999998092651367 0
      vertex 0.6499996185302734 0.6999998092651367 0
    endloop
  endfacet
  facet normal 0 -1 0
    outer loop
      vertex 0.6999998092651367 0.6999998092651367 0
      vertex 0.6499996185302734 0.6999998092651367 -5
      vertex 0.6999998092651367 0.6999998092651367 -5
    endloop
  endfacet
  facet normal -1 0 0
    outer loop
      vertex 0.6499996185302734 0.6999998092651367 -5
      vertex 0.6499996185302734 0.7999992370605469 0
      vertex 0.6499996185302734 0.7999992370605469 -5
    endloop
  endfacet
  facet normal -1 0 0
    outer loop
      vertex 0.6499996185302734 0.7999992370605469 0
      vertex 0.6499996185302734 0.6999998092651367 -5
      vertex 0.6499996185302734 0.6999998092651367 0
    endloop
  endfacet
  facet normal 0 -1 0
    outer loop
      vertex 0.5999999046325684 0.7999992370605469 -5
      vertex 0.6499996185302734 0.7999992370605469 0
      vertex 0.5999999046325684 0.7999992370605469 0
    endloop
  endfacet
  facet normal 0 -1 0
    outer loop
      vertex 0.6499996185302734 0.7999992370605469 0
      vertex 0.5999999046325684 0.7999992370605469 -5
      vertex 0.6499996185302734 0.7999992370605469 -5
    endloop
  endfacet
  facet normal -1 0 0
    outer loop
      vertex 0.5999999046325684 0.7999992370605469 -5
      vertex 0.5999999046325684 0.8999996185302734 0
      vertex 0.5999999046325684 0.8999996185302734 -5
    endloop
  endfacet
  facet normal -1 0 0
    outer loop
      vertex 0.5999999046325684 0.8999996185302734 0
      vertex 0.5999999046325684 0.7999992370605469 -5
      vertex 0.5999999046325684 0.7999992370605469 0
    endloop
  endfacet
  facet normal 0 -1 0
    outer loop
      vertex 0.5499997138977051 0.8999996185302734 -5
      vertex 0.5999999046325684 0.8999996185302734 0
      vertex 0.5499997138977051 0.8999996185302734 0
    endloop
  endfacet
  facet normal 0 -1 0
    outer loop
      vertex 0.5999999046325684 0.8999996185302734 0
      vertex 0.5499997138977051 0.8999996185302734 -5
      vertex 0.5999999046325684 0.8999996185302734 -5
    endloop
  endfacet
  facet normal -1 0 0
    outer loop
      vertex 0.5499997138977051 0.8999996185302734 -5
      vertex 0.5499997138977051 1 0
      vertex 0.5499997138977051 1 -5
    endloop
  endfacet
  facet normal -1 0 0
    outer loop
      vertex 0.5499997138977051 1 0
      vertex 0.5499997138977051 0.8999996185302734 -5
      vertex 0.5499997138977051 0.8999996185302734 0
    endloop
  endfacet
  facet normal 0 -1 0
    outer loop
      vertex 0.5 1 -5
      vertex 0.5499997138977051 1 0
      vertex 0.5 1 0
    endloop
  endfacet
  facet normal 0 -1 0
    outer loop
      vertex 0.5499997138977051 1 0
      vertex 0.5 1 -5
      vertex 0.5499997138977051 1 -5
    endloop
  endfacet
  facet normal 1 0 0
    outer loop
      vertex 17 0 0
      vertex 17 0.09999942779541016 -5
      vertex 17 0.09999942779541016 0
    endloop
  endfacet
  facet normal 1 0 0
    outer loop
      vertex 17 0.09999942779541016 -5
      vertex 17 0 0
      vertex 17 0 -5
    endloop
  endfacet
  facet normal 1 0 0
    outer loop
      vertex 17.5 1 0
      vertex 17.5 6.299999237060547 -5
      vertex 17.5 6.299999237060547 0
    endloop
  endfacet
  facet normal 1 0 0
    outer loop
      vertex 17.5 6.299999237060547 -5
      vertex 17.5 1 0
      vertex 17.5 1 -5
    endloop
  endfacet
  facet normal 0 -1 0
    outer loop
      vertex 17 0.09999942779541016 -5
      vertex 17.049999237060547 0.09999942779541016 0
      vertex 17 0.09999942779541016 0
    endloop
  endfacet
  facet normal 0 -1 0
    outer loop
      vertex 17.049999237060547 0.09999942779541016 0
      vertex 17 0.09999942779541016 -5
      vertex 17.049999237060547 0.09999942779541016 -5
    endloop
  endfacet
  facet normal 1 0 0
    outer loop
      vertex 17.049999237060547 0.09999942779541016 0
      vertex 17.049999237060547 0.19999980926513672 -5
      vertex 17.049999237060547 0.19999980926513672 0
    endloop
  endfacet
  facet normal 1 0 0
    outer loop
      vertex 17.049999237060547 0.19999980926513672 -5
      vertex 17.049999237060547 0.09999942779541016 0
      vertex 17.049999237060547 0.09999942779541016 -5
    endloop
  endfacet
  facet normal 0 -1 0
    outer loop
      vertex 17.049999237060547 0.19999980926513672 -5
      vertex 17.100000381469727 0.19999980926513672 0
      vertex 17.049999237060547 0.19999980926513672 0
    endloop
  endfacet
  facet normal 0 -1 0
    outer loop
      vertex 17.100000381469727 0.19999980926513672 0
      vertex 17.049999237060547 0.19999980926513672 -5
      vertex 17.100000381469727 0.19999980926513672 -5
    endloop
  endfacet
  facet normal 1 0 0
    outer loop
      vertex 17.100000381469727 0.19999980926513672 0
      vertex 17.100000381469727 0.2999992370605469 -5
      vertex 17.100000381469727 0.2999992370605469 0
    endloop
  endfacet
  facet normal 1 0 0
    outer loop
      vertex 17.100000381469727 0.2999992370605469 -5
      vertex 17.100000381469727 0.19999980926513672 0
      vertex 17.100000381469727 0.19999980926513672 -5
    endloop
  endfacet
  facet normal 0 -1 0
    outer loop
      vertex 17.100000381469727 0.2999992370605469 -5
      vertex 17.149999618530273 0.2999992370605469 0
      vertex 17.100000381469727 0.2999992370605469 0
    endloop
  endfacet
  facet normal 0 -1 0
    outer loop
      vertex 17.149999618530273 0.2999992370605469 0
      vertex 17.100000381469727 0.2999992370605469 -5
      vertex 17.149999618530273 0.2999992370605469 -5
    endloop
  endfacet
  facet normal 1 0 0
    outer loop
      vertex 17.149999618530273 0.2999992370605469 0
      vertex 17.149999618530273 0.39999961853027344 -5
      vertex 17.149999618530273 0.39999961853027344 0
    endloop
  endfacet
  facet normal 1 0 0
    outer loop
      vertex 17.149999618530273 0.39999961853027344 -5
      vertex 17.149999618530273 0.2999992370605469 0
      vertex 17.149999618530273 0.2999992370605469 -5
    endloop
  endfacet
  facet normal 0 -1 0
    outer loop
      vertex 17.149999618530273 0.39999961853027344 -5
      vertex 17.200000762939453 0.39999961853027344 0
      vertex 17.149999618530273 0.39999961853027344 0
    endloop
  endfacet
  facet normal 0 -1 0
    outer loop
      vertex 17.200000762939453 0.39999961853027344 0
      vertex 17.149999618530273 0.39999961853027344 -5
      vertex 17.200000762939453 0.39999961853027344 -5
    endloop
  endfacet
  facet normal 1 0 0
    outer loop
      vertex 17.200000762939453 0.39999961853027344 0
      vertex 17.200000762939453 0.5 -5
      vertex 17.200000762939453 0.5 0
    endloop
  endfacet
  facet normal 1 0 0
    outer loop
      vertex 17.200000762939453 0.5 -5
      vertex 17.200000762939453 0.39999961853027344 0
      vertex 17.200000762939453 0.39999961853027344 -5
    endloop
  endfacet
  facet normal 0 -1 0
    outer loop
      vertex 17.200000762939453 0.5 -5
      vertex 17.25 0.5 0
      vertex 17.200000762939453 0.5 0
    endloop
  endfacet
  facet normal 0 -1 0
    outer loop
      vertex 17.25 0.5 0
      vertex 17.200000762939453 0.5 -5
      vertex 17.25 0.5 -5
    endloop
  endfacet
  facet normal 1 0 0
    outer loop
      vertex 17.25 0.5 0
      vertex 17.25 0.5999994277954102 -5
      vertex 17.25 0.5999994277954102 0
    endloop
  endfacet
  facet normal 1 0 0
    outer loop
      vertex 17.25 0.5999994277954102 -5
      vertex 17.25 0.5 0
      vertex 17.25 0.5 -5
    endloop
  endfacet
  facet normal 0 -1 0
    outer loop
      vertex 17.25 0.5999994277954102 -5
      vertex 17.299999237060547 0.5999994277954102 0
      vertex 17.25 0.5999994277954102 0
    endloop
  endfacet
  facet normal 0 -1 0
    outer loop
      vertex 17.299999237060547 0.5999994277954102 0
      vertex 17.25 0.5999994277954102 -5
      vertex 17.299999237060547 0.5999994277954102 -5
    endloop
  endfacet
  facet normal 1 0 0
    outer loop
      vertex 17.299999237060547 0.5999994277954102 0
      vertex 17.299999237060547 0.6999998092651367 -5
      vertex 17.299999237060547 0.6999998092651367 0
    endloop
  endfacet
  facet normal 1 0 0
    outer loop
      vertex 17.299999237060547 0.6999998092651367 -5
      vertex 17.299999237060547 0.5999994277954102 0
      vertex 17.299999237060547 0.5999994277954102 -5
    endloop
  endfacet
  facet normal 0 -1 0
    outer loop
      vertex 17.299999237060547 0.6999998092651367 -5
      vertex 17.350000381469727 0.6999998092651367 0
      vertex 17.299999237060547 0.6999998092651367 0
    endloop
  endfacet
  facet normal 0 -1 0
    outer loop
      vertex 17.350000381469727 0.6999998092651367 0
      vertex 17.299999237060547 0.6999998092651367 -5
      vertex 17.350000381469727 0.6999998092651367 -5
    endloop
  endfacet
  facet normal 1 0 0
    outer loop
      vertex 17.350000381469727 0.6999998092651367 0
      vertex 17.350000381469727 0.7999992370605469 -5
      vertex 17.350000381469727 0.7999992370605469 0
    endloop
  endfacet
  facet normal 1 0 0
    outer loop
      vertex 17.350000381469727 0.7999992370605469 -5
      vertex 17.350000381469727 0.6999998092651367 0
      vertex 17.350000381469727 0.6999998092651367 -5
    endloop
  endfacet
  facet normal 0 -1 0
    outer loop
      vertex 17.350000381469727 0.7999992370605469 -5
      vertex 17.399999618530273 0.7999992370605469 0
      vertex 17.350000381469727 0.7999992370605469 0
    endloop
  endfacet
  facet normal 0 -1 0
    outer loop
      vertex 17.399999618530273 0.7999992370605469 0
      vertex 17.350000381469727 0.7999992370605469 -5
      vertex 17.399999618530273 0.7999992370605469 -5
    endloop
  endfacet
  facet normal 1 0 0
    outer loop
      vertex 17.399999618530273 0.7999992370605469 0
      vertex 17.399999618530273 0.8999996185302734 -5
      vertex 17.399999618530273 0.8999996185302734 0
    endloop
  endfacet
  facet normal 1 0 0
    outer loop
      vertex 17.399999618530273 0.8999996185302734 -5
      vertex 17.399999618530273 0.7999992370605469 0
      vertex 17.399999618530273 0.7999992370605469 -5
    endloop
  endfacet
  facet normal 0 -1 0
    outer loop
      vertex 17.399999618530273 0.8999996185302734 -5
      vertex 17.450000762939453 0.8999996185302734 0
      vertex 17.399999618530273 0.8999996185302734 0
    endloop
  endfacet
  facet normal 0 -1 0
    outer loop
      vertex 17.450000762939453 0.8999996185302734 0
      vertex 17.399999618530273 0.8999996185302734 -5
      vertex 17.450000762939453 0.8999996185302734 -5
    endloop
  endfacet
  facet normal 1 0 0
    outer loop
      vertex 17.450000762939453 0.8999996185302734 0
      vertex 17.450000762939453 1 -5
      vertex 17.450000762939453 1 0
    endloop
  endfacet
  facet normal 1 0 0
    outer loop
      vertex 17.450000762939453 1 -5
      vertex 17.450000762939453 0.8999996185302734 0
      vertex 17.450000762939453 0.8999996185302734 -5
    endloop
  endfacet
  facet normal 0 -1 0
    outer loop
      vertex 17.450000762939453 1 -5
      vertex 17.5 1 0
      vertex 17.450000762939453 1 0
    endloop
  endfacet
  facet normal 0 -1 0
    outer loop
      vertex 17.5 1 0
      vertex 17.450000762939453 1 -5
      vertex 17.5 1 -5
    endloop
  endfacet
  facet normal 1 0 0
    outer loop
      vertex 1 1.899999976158142 0
      vertex 1 4.201725959777832 -5
      vertex 1 4.201725959777832 0
    endloop
  endfacet
  facet normal 1 0 0
    outer loop
      vertex 1 4.201725959777832 -5
      vertex 1 1.899999976158142 0
      vertex 1 1.899999976158142 -5
    endloop
  endfacet
  facet normal 1 0 0
    outer loop
      vertex 1.3499999046325684 1.1999998092651367 0
      vertex 1.3499999046325684 1.2999995946884155 -5
      vertex 1.3499999046325684 1.2999995946884155 0
    endloop
  endfacet
  facet normal 1 0 0
    outer loop
      vertex 1.3499999046325684 1.2999995946884155 -5
      vertex 1.3499999046325684 1.1999998092651367 0
      vertex 1.3499999046325684 1.1999998092651367 -5
    endloop
  endfacet
  facet normal 0 1 0
    outer loop
      vertex 1.3499999046325684 1.2999995946884155 -5
      vertex 1.299999713897705 1.2999995946884155 0
      vertex 1.3499999046325684 1.2999995946884155 0
    endloop
  endfacet
  facet normal 0 1 0
    outer loop
      vertex 1.299999713897705 1.2999995946884155 0
      vertex 1.3499999046325684 1.2999995946884155 -5
      vertex 1.299999713897705 1.2999995946884155 -5
    endloop
  endfacet
  facet normal 1 0 0
    outer loop
      vertex 1.299999713897705 1.2999995946884155 0
      vertex 1.299999713897705 1.399999976158142 -5
      vertex 1.299999713897705 1.399999976158142 0
    endloop
  endfacet
  facet normal 1 0 0
    outer loop
      vertex 1.299999713897705 1.399999976158142 -5
      vertex 1.299999713897705 1.2999995946884155 0
      vertex 1.299999713897705 1.2999995946884155 -5
    endloop
  endfacet
  facet normal 0 1 0
    outer loop
      vertex 1.299999713897705 1.399999976158142 -5
      vertex 1.25 1.399999976158142 0
      vertex 1.299999713897705 1.399999976158142 0
    endloop
  endfacet
  facet normal 0 1 0
    outer loop
      vertex 1.25 1.399999976158142 0
      vertex 1.299999713897705 1.399999976158142 -5
      vertex 1.25 1.399999976158142 -5
    endloop
  endfacet
  facet normal 1 0 0
    outer loop
      vertex 1.25 1.399999976158142 0
      vertex 1.25 1.4999994039535522 -5
      vertex 1.25 1.4999994039535522 0
    endloop
  endfacet
  facet normal 1 0 0
    outer loop
      vertex 1.25 1.4999994039535522 -5
      vertex 1.25 1.399999976158142 0
      vertex 1.25 1.399999976158142 -5
    endloop
  endfacet
  facet normal 0 1 0
    outer loop
      vertex 1.25 1.4999994039535522 -5
      vertex 1.1999998092651367 1.4999994039535522 0
      vertex 1.25 1.4999994039535522 0
    endloop
  endfacet
  facet normal 0 1 0
    outer loop
      vertex 1.1999998092651367 1.4999994039535522 0
      vertex 1.25 1.4999994039535522 -5
      vertex 1.1999998092651367 1.4999994039535522 -5
    endloop
  endfacet
  facet normal 1 0 0
    outer loop
      vertex 1.1999998092651367 1.4999994039535522 0
      vertex 1.1999998092651367 1.5999997854232788 -5
      vertex 1.1999998092651367 1.5999997854232788 0
    endloop
  endfacet
  facet normal 1 0 0
    outer loop
      vertex 1.1999998092651367 1.5999997854232788 -5
      vertex 1.1999998092651367 1.4999994039535522 0
      vertex 1.1999998092651367 1.4999994039535522 -5
    endloop
  endfacet
  facet normal 0 1 0
    outer loop
      vertex 1.1999998092651367 1.5999997854232788 -5
      vertex 1.1499996185302734 1.5999997854232788 0
      vertex 1.1999998092651367 1.5999997854232788 0
    endloop
  endfacet
  facet normal 0 1 0
    outer loop
      vertex 1.1499996185302734 1.5999997854232788 0
      vertex 1.1999998092651367 1.5999997854232788 -5
      vertex 1.1499996185302734 1.5999997854232788 -5
    endloop
  endfacet
  facet normal 1 0 0
    outer loop
      vertex 1.1499996185302734 1.5999997854232788 0
      vertex 1.1499996185302734 1.699999213218689 -5
      vertex 1.1499996185302734 1.699999213218689 0
    endloop
  endfacet
  facet normal 1 0 0
    outer loop
      vertex 1.1499996185302734 1.699999213218689 -5
      vertex 1.1499996185302734 1.5999997854232788 0
      vertex 1.1499996185302734 1.5999997854232788 -5
    endloop
  endfacet
  facet normal 0 1 0
    outer loop
      vertex 1.1499996185302734 1.699999213218689 -5
      vertex 1.0999999046325684 1.699999213218689 0
      vertex 1.1499996185302734 1.699999213218689 0
    endloop
  endfacet
  facet normal 0 1 0
    outer loop
      vertex 1.0999999046325684 1.699999213218689 0
      vertex 1.1499996185302734 1.699999213218689 -5
      vertex 1.0999999046325684 1.699999213218689 -5
    endloop
  endfacet
  facet normal 1 0 0
    outer loop
      vertex 1.0999999046325684 1.699999213218689 0
      vertex 1.0999999046325684 1.7999995946884155 -5
      vertex 1.0999999046325684 1.7999995946884155 0
    endloop
  endfacet
  facet normal 1 0 0
    outer loop
      vertex 1.0999999046325684 1.7999995946884155 -5
      vertex 1.0999999046325684 1.699999213218689 0
      vertex 1.0999999046325684 1.699999213218689 -5
    endloop
  endfacet
  facet normal 0 1 0
    outer loop
      vertex 1.0999999046325684 1.7999995946884155 -5
      vertex 1.049999713897705 1.7999995946884155 0
      vertex 1.0999999046325684 1.7999995946884155 0
    endloop
  endfacet
  facet normal 0 1 0
    outer loop
      vertex 1.049999713897705 1.7999995946884155 0
      vertex 1.0999999046325684 1.7999995946884155 -5
      vertex 1.049999713897705 1.7999995946884155 -5
    endloop
  endfacet
  facet normal 1 0 0
    outer loop
      vertex 1.049999713897705 1.7999995946884155 0
      vertex 1.049999713897705 1.899999976158142 -5
      vertex 1.049999713897705 1.899999976158142 0
    endloop
  endfacet
  facet normal 1 0 0
    outer loop
      vertex 1.049999713897705 1.899999976158142 -5
      vertex 1.049999713897705 1.7999995946884155 0
      vertex 1.049999713897705 1.7999995946884155 -5
    endloop
  endfacet
  facet normal 0 1 0
    outer loop
      vertex 1.049999713897705 1.899999976158142 -5
      vertex 1 1.899999976158142 0
      vertex 1.049999713897705 1.899999976158142 0
    endloop
  endfacet
  facet normal 0 1 0
    outer loop
      vertex 1 1.899999976158142 0
      vertex 1.049999713897705 1.899999976158142 -5
      vertex 1 1.899999976158142 -5
    endloop
  endfacet
  facet normal 0.8270832703853201 -0.5620794106251565 0
    outer loop
      vertex 1.4635248184204102 4.618321418762207 0
      vertex 1.5164909362792969 4.696259498596191 -5
      vertex 1.5164909362792969 4.696259498596191 0
    endloop
  endfacet
  facet normal 0.8270832703853201 -0.5620794106251565 0
    outer loop
      vertex 1.5164909362792969 4.696259498596191 -5
      vertex 1.4635248184204102 4.618321418762207 0
      vertex 1.4635248184204102 4.618321418762207 -5
    endloop
  endfacet
  facet normal 0.8910090646963946 0.45398551367731566 0
    outer loop
      vertex 1.6072397232055664 6.138668060302734 0
      vertex 1.5644598007202148 6.222629547119141 -5
      vertex 1.5644598007202148 6.222629547119141 0
    endloop
  endfacet
  facet normal 0.8910090646963946 0.45398551367731566 0
    outer loop
      vertex 1.5644598007202148 6.222629547119141 -5
      vertex 1.6072397232055664 6.138668060302734 0
      vertex 1.6072397232055664 6.138668060302734 -5
    endloop
  endfacet
  facet normal 0.999506461691791 0.03141389877675722 0
    outer loop
      vertex 1.75 5.499999046325684 0
      vertex 1.747039794921875 5.594184875488281 -5
      vertex 1.747039794921875 5.594184875488281 0
    endloop
  endfacet
  facet normal 0.999506461691791 0.03141389877675722 0
    outer loop
      vertex 1.747039794921875 5.594184875488281 -5
      vertex 1.75 5.499999046325684 0
      vertex 1.75 5.499999046325684 -5
    endloop
  endfacet
  facet normal 0.5620863336260579 -0.8270785655249542 0
    outer loop
      vertex 1.0537395477294922 4.23350715637207 -5
      vertex 1.1316776275634766 4.286474227905273 0
      vertex 1.0537395477294922 4.23350715637207 0
    endloop
  endfacet
  facet normal 0.5620863336260579 -0.8270785655249542 0
    outer loop
      vertex 1.1316776275634766 4.286474227905273 0
      vertex 1.0537395477294922 4.23350715637207 -5
      vertex 1.1316776275634766 4.286474227905273 -5
    endloop
  endfacet
  facet normal 0.9876886731680611 -0.15643236524298587 0
    outer loop
      vertex 1.7234306335449219 5.218927383422852 0
      vertex 1.7381715774536133 5.311999320983887 -5
      vertex 1.7381715774536133 5.311999320983887 0
    endloop
  endfacet
  facet normal 0.9876886731680611 -0.15643236524298587 0
    outer loop
      vertex 1.7381715774536133 5.311999320983887 -5
      vertex 1.7234306335449219 5.218927383422852 0
      vertex 1.7234306335449219 5.218927383422852 -5
    endloop
  endfacet
  facet normal 0.7501100998442454 -0.6613129653285622 0
    outer loop
      vertex 1.3434524536132812 4.473178863525391 0
      vertex 1.4057693481445312 4.543863296508789 -5
      vertex 1.4057693481445312 4.543863296508789 0
    endloop
  endfacet
  facet normal 0.7501100998442454 -0.6613129653285622 0
    outer loop
      vertex 1.4057693481445312 4.543863296508789 -5
      vertex 1.3434524536132812 4.473178863525391 0
      vertex 1.3434524536132812 4.473178863525391 -5
    endloop
  endfacet
  facet normal 0.6129059300343599 -0.7901558839423499 0
    outer loop
      vertex 1.1316776275634766 4.286474227905273 -5
      vertex 1.2061357498168945 4.344229698181152 0
      vertex 1.1316776275634766 4.286474227905273 0
    endloop
  endfacet
  facet normal 0.6129059300343599 -0.7901558839423499 0
    outer loop
      vertex 1.2061357498168945 4.344229698181152 0
      vertex 1.1316776275634766 4.286474227905273 -5
      vertex 1.2061357498168945 4.344229698181152 -5
    endloop
  endfacet
  facet normal 0.9177547669444482 0.39714756420094216 0
    outer loop
      vertex 1.6446638107299805 6.052186012268066 0
      vertex 1.6072397232055664 6.138668060302734 -5
      vertex 1.6072397232055664 6.138668060302734 0
    endloop
  endfacet
  facet normal 0.9177547669444482 0.39714756420094216 0
    outer loop
      vertex 1.6072397232055664 6.138668060302734 -5
      vertex 1.6446638107299805 6.052186012268066 0
      vertex 1.6446638107299805 6.052186012268066 -5
    endloop
  endfacet
  facet normal 0.8607395420671885 0.5090456175255481 0
    outer loop
      vertex 1.5644598007202148 6.222629547119141 0
      vertex 1.5187029838562012 6.299999237060547 -5
      vertex 1.5187029838562012 6.299999237060547 0
    endloop
  endfacet
  facet normal 0.8607395420671885 0.5090456175255481 0
    outer loop
      vertex 1.5187029838562012 6.299999237060547 -5
      vertex 1.5644598007202148 6.222629547119141 0
      vertex 1.5644598007202148 6.222629547119141 -5
    endloop
  endfacet
  facet normal 0.9408792836899015 0.3387420456972796 0
    outer loop
      vertex 1.676584243774414 5.96352481842041 0
      vertex 1.6446638107299805 6.052186012268066 -5
      vertex 1.6446638107299805 6.052186012268066 0
    endloop
  endfacet
  facet normal 0.9408792836899015 0.3387420456972796 0
    outer loop
      vertex 1.6446638107299805 6.052186012268066 -5
      vertex 1.676584243774414 5.96352481842041 0
      vertex 1.676584243774414 5.96352481842041 -5
    endloop
  endfacet
  facet normal 0.9759160266868774 0.2181465306982852 0
    outer loop
      vertex 1.7234306335449219 5.781071662902832 0
      vertex 1.7028741836547852 5.873034477233887 -5
      vertex 1.7028741836547852 5.873034477233887 0
    endloop
  endfacet
  facet normal 0.9759160266868774 0.2181465306982852 0
    outer loop
      vertex 1.7028741836547852 5.873034477233887 -5
      vertex 1.7234306335449219 5.781071662902832 0
      vertex 1.7234306335449219 5.781071662902832 -5
    endloop
  endfacet
  facet normal 0.9408804449578165 -0.3387388201785872 0
    outer loop
      vertex 1.6446638107299805 4.947812080383301 0
      vertex 1.676584243774414 5.036474227905273 -5
      vertex 1.676584243774414 5.036474227905273 0
    endloop
  endfacet
  facet normal 0.9408804449578165 -0.3387388201785872 0
    outer loop
      vertex 1.676584243774414 5.036474227905273 -5
      vertex 1.6446638107299805 4.947812080383301 0
      vertex 1.6446638107299805 4.947812080383301 -5
    endloop
  endfacet
  facet normal 0.999506461691791 -0.03141389877675722 0
    outer loop
      vertex 1.747039794921875 5.405813217163086 0
      vertex 1.75 5.499999046325684 -5
      vertex 1.75 5.499999046325684 0
    endloop
  endfacet
  facet normal 0.999506461691791 -0.03141389877675722 0
    outer loop
      vertex 1.75 5.499999046325684 -5
      vertex 1.747039794921875 5.405813217163086 0
      vertex 1.747039794921875 5.405813217163086 -5
    endloop
  endfacet
  facet normal 0.960293499477948 0.2789917469395758 0
    outer loop
      vertex 1.7028741836547852 5.873034477233887 0
      vertex 1.676584243774414 5.96352481842041 -5
      vertex 1.676584243774414 5.96352481842041 0
    endloop
  endfacet
  facet normal 0.960293499477948 0.2789917469395758 0
    outer loop
      vertex 1.676584243774414 5.96352481842041 -5
      vertex 1.7028741836547852 5.873034477233887 0
      vertex 1.7028741836547852 5.873034477233887 -5
    endloop
  endfacet
  facet normal 0.9955617723839119 0.09411034676274507 0
    outer loop
      vertex 1.747039794921875 5.594184875488281 0
      vertex 1.7381715774536133 5.6879987716674805 -5
      vertex 1.7381715774536133 5.6879987716674805 0
    endloop
  endfacet
  facet normal 0.9955617723839119 0.09411034676274507 0
    outer loop
      vertex 1.7381715774536133 5.6879987716674805 -5
      vertex 1.747039794921875 5.594184875488281 0
      vertex 1.747039794921875 5.594184875488281 -5
    endloop
  endfacet
  facet normal 0.9759160266868774 -0.2181465306982852 0
    outer loop
      vertex 1.7028741836547852 5.126964569091797 0
      vertex 1.7234306335449219 5.218927383422852 -5
      vertex 1.7234306335449219 5.218927383422852 0
    endloop
  endfacet
  facet normal 0.9759160266868774 -0.2181465306982852 0
    outer loop
      vertex 1.7234306335449219 5.218927383422852 -5
      vertex 1.7028741836547852 5.126964569091797 0
      vertex 1.7028741836547852 5.126964569091797 -5
    endloop
  endfacet
  facet normal 0.6613129653285622 -0.7501100998442454 0
    outer loop
      vertex 1.2061357498168945 4.344229698181152 -5
      vertex 1.276820182800293 4.406546592712402 0
      vertex 1.2061357498168945 4.344229698181152 0
    endloop
  endfacet
  facet normal 0.6613129653285622 -0.7501100998442454 0
    outer loop
      vertex 1.276820182800293 4.406546592712402 0
      vertex 1.2061357498168945 4.344229698181152 -5
      vertex 1.276820182800293 4.406546592712402 -5
    endloop
  endfacet
  facet normal 0.9177547669444482 -0.39714756420094216 0
    outer loop
      vertex 1.6072397232055664 4.861330032348633 0
      vertex 1.6446638107299805 4.947812080383301 -5
      vertex 1.6446638107299805 4.947812080383301 0
    endloop
  endfacet
  facet normal 0.9177547669444482 -0.39714756420094216 0
    outer loop
      vertex 1.6446638107299805 4.947812080383301 -5
      vertex 1.6072397232055664 4.861330032348633 0
      vertex 1.6072397232055664 4.861330032348633 -5
    endloop
  endfacet
  facet normal 0.8910090646963946 -0.45398551367731566 0
    outer loop
      vertex 1.5644598007202148 4.777368545532227 0
      vertex 1.6072397232055664 4.861330032348633 -5
      vertex 1.6072397232055664 4.861330032348633 0
    endloop
  endfacet
  facet normal 0.8910090646963946 -0.45398551367731566 0
    outer loop
      vertex 1.6072397232055664 4.861330032348633 -5
      vertex 1.5644598007202148 4.777368545532227 0
      vertex 1.5644598007202148 4.777368545532227 -5
    endloop
  endfacet
  facet normal 0.9876889208236407 0.15643080157766887 0
    outer loop
      vertex 1.7381715774536133 5.6879987716674805 0
      vertex 1.7234306335449219 5.781071662902832 -5
      vertex 1.7234306335449219 5.781071662902832 0
    endloop
  endfacet
  facet normal 0.9876889208236407 0.15643080157766887 0
    outer loop
      vertex 1.7234306335449219 5.781071662902832 -5
      vertex 1.7381715774536133 5.6879987716674805 0
      vertex 1.7381715774536133 5.6879987716674805 -5
    endloop
  endfacet
  facet normal 0.960293499477948 -0.2789917469395758 0
    outer loop
      vertex 1.676584243774414 5.036474227905273 0
      vertex 1.7028741836547852 5.126964569091797 -5
      vertex 1.7028741836547852 5.126964569091797 0
    endloop
  endfacet
  facet normal 0.960293499477948 -0.2789917469395758 0
    outer loop
      vertex 1.7028741836547852 5.126964569091797 -5
      vertex 1.676584243774414 5.036474227905273 0
      vertex 1.676584243774414 5.036474227905273 -5
    endloop
  endfacet
  facet normal 0.7901558839423499 -0.6129059300343599 0
    outer loop
      vertex 1.4057693481445312 4.543863296508789 0
      vertex 1.4635248184204102 4.618321418762207 -5
      vertex 1.4635248184204102 4.618321418762207 0
    endloop
  endfacet
  facet normal 0.7901558839423499 -0.6129059300343599 0
    outer loop
      vertex 1.4635248184204102 4.618321418762207 -5
      vertex 1.4057693481445312 4.543863296508789 0
      vertex 1.4057693481445312 4.543863296508789 -5
    endloop
  endfacet
  facet normal 0.9955617723839119 -0.09411034676274507 0
    outer loop
      vertex 1.7381715774536133 5.311999320983887 0
      vertex 1.747039794921875 5.405813217163086 -5
      vertex 1.747039794921875 5.405813217163086 0
    endloop
  endfacet
  facet normal 0.9955617723839119 -0.09411034676274507 0
    outer loop
      vertex 1.747039794921875 5.405813217163086 -5
      vertex 1.7381715774536133 5.311999320983887 0
      vertex 1.7381715774536133 5.311999320983887 -5
    endloop
  endfacet
  facet normal 0.8607368759978341 -0.5090501255254625 0
    outer loop
      vertex 1.5164909362792969 4.696259498596191 0
      vertex 1.5644598007202148 4.777368545532227 -5
      vertex 1.5644598007202148 4.777368545532227 0
    endloop
  endfacet
  facet normal 0.8607368759978341 -0.5090501255254625 0
    outer loop
      vertex 1.5644598007202148 4.777368545532227 -5
      vertex 1.5164909362792969 4.696259498596191 0
      vertex 1.5164909362792969 4.696259498596191 -5
    endloop
  endfacet
  facet normal 0.5090380534907091 -0.8607440154299012 0
    outer loop
      vertex 1 4.201725959777832 -5
      vertex 1.0537395477294922 4.23350715637207 0
      vertex 1 4.201725959777832 0
    endloop
  endfacet
  facet normal 0.5090380534907091 -0.8607440154299012 0
    outer loop
      vertex 1.0537395477294922 4.23350715637207 0
      vertex 1 4.201725959777832 -5
      vertex 1.0537395477294922 4.23350715637207 -5
    endloop
  endfacet
  facet normal 0.7071067811865475 -0.7071067811865475 0
    outer loop
      vertex 1.276820182800293 4.406546592712402 0
      vertex 1.3434524536132812 4.473178863525391 -5
      vertex 1.3434524536132812 4.473178863525391 0
    endloop
  endfacet
  facet normal 0.7071067811865475 -0.7071067811865475 0
    outer loop
      vertex 1.3434524536132812 4.473178863525391 -5
      vertex 1.276820182800293 4.406546592712402 0
      vertex 1.276820182800293 4.406546592712402 -5
    endloop
  endfacet
  facet normal 0 1 0
    outer loop
      vertex 1.5187029838562012 6.299999237060547 -5
      vertex 0.5 6.299999237060547 0
      vertex 1.5187029838562012 6.299999237060547 0
    endloop
  endfacet
  facet normal 0 1 0
    outer loop
      vertex 0.5 6.299999237060547 0
      vertex 1.5187029838562012 6.299999237060547 -5
      vertex 0.5 6.299999237060547 -5
    endloop
  endfacet
  facet normal -1 0 0
    outer loop
      vertex 17 1.899999976158142 -5
      vertex 17 4.201725959777832 0
      vertex 17 4.201725959777832 -5
    endloop
  endfacet
  facet normal -1 0 0
    outer loop
      vertex 17 4.201725959777832 0
      vertex 17 1.899999976158142 -5
      vertex 17 1.899999976158142 0
    endloop
  endfacet
  facet normal -1 0 0
    outer loop
      vertex 16.649999618530273 1.1999998092651367 -5
      vertex 16.649999618530273 1.2999995946884155 0
      vertex 16.649999618530273 1.2999995946884155 -5
    endloop
  endfacet
  facet normal -1 0 0
    outer loop
      vertex 16.649999618530273 1.2999995946884155 0
      vertex 16.649999618530273 1.1999998092651367 -5
      vertex 16.649999618530273 1.1999998092651367 0
    endloop
  endfacet
  facet normal 0 1 0
    outer loop
      vertex 16.700000762939453 1.2999995946884155 -5
      vertex 16.649999618530273 1.2999995946884155 0
      vertex 16.700000762939453 1.2999995946884155 0
    endloop
  endfacet
  facet normal 0 1 0
    outer loop
      vertex 16.649999618530273 1.2999995946884155 0
      vertex 16.700000762939453 1.2999995946884155 -5
      vertex 16.649999618530273 1.2999995946884155 -5
    endloop
  endfacet
  facet normal -1 0 0
    outer loop
      vertex 16.700000762939453 1.2999995946884155 -5
      vertex 16.700000762939453 1.399999976158142 0
      vertex 16.700000762939453 1.399999976158142 -5
    endloop
  endfacet
  facet normal -1 0 0
    outer loop
      vertex 16.700000762939453 1.399999976158142 0
      vertex 16.700000762939453 1.2999995946884155 -5
      vertex 16.700000762939453 1.2999995946884155 0
    endloop
  endfacet
  facet normal 0 1 0
    outer loop
      vertex 16.75 1.399999976158142 -5
      vertex 16.700000762939453 1.399999976158142 0
      vertex 16.75 1.399999976158142 0
    endloop
  endfacet
  facet normal 0 1 0
    outer loop
      vertex 16.700000762939453 1.399999976158142 0
      vertex 16.75 1.399999976158142 -5
      vertex 16.700000762939453 1.399999976158142 -5
    endloop
  endfacet
  facet normal -1 0 0
    outer loop
      vertex 16.75 1.399999976158142 -5
      vertex 16.75 1.4999994039535522 0
      vertex 16.75 1.4999994039535522 -5
    endloop
  endfacet
  facet normal -1 0 0
    outer loop
      vertex 16.75 1.4999994039535522 0
      vertex 16.75 1.399999976158142 -5
      vertex 16.75 1.399999976158142 0
    endloop
  endfacet
  facet normal 0 1 0
    outer loop
      vertex 16.799999237060547 1.4999994039535522 -5
      vertex 16.75 1.4999994039535522 0
      vertex 16.799999237060547 1.4999994039535522 0
    endloop
  endfacet
  facet normal 0 1 0
    outer loop
      vertex 16.75 1.4999994039535522 0
      vertex 16.799999237060547 1.4999994039535522 -5
      vertex 16.75 1.4999994039535522 -5
    endloop
  endfacet
  facet normal -1 0 0
    outer loop
      vertex 16.799999237060547 1.4999994039535522 -5
      vertex 16.799999237060547 1.5999997854232788 0
      vertex 16.799999237060547 1.5999997854232788 -5
    endloop
  endfacet
  facet normal -1 0 0
    outer loop
      vertex 16.799999237060547 1.5999997854232788 0
      vertex 16.799999237060547 1.4999994039535522 -5
      vertex 16.799999237060547 1.4999994039535522 0
    endloop
  endfacet
  facet normal 0 1 0
    outer loop
      vertex 16.850000381469727 1.5999997854232788 -5
      vertex 16.799999237060547 1.5999997854232788 0
      vertex 16.850000381469727 1.5999997854232788 0
    endloop
  endfacet
  facet normal 0 1 0
    outer loop
      vertex 16.799999237060547 1.5999997854232788 0
      vertex 16.850000381469727 1.5999997854232788 -5
      vertex 16.799999237060547 1.5999997854232788 -5
    endloop
  endfacet
  facet normal -1 0 0
    outer loop
      vertex 16.850000381469727 1.5999997854232788 -5
      vertex 16.850000381469727 1.699999213218689 0
      vertex 16.850000381469727 1.699999213218689 -5
    endloop
  endfacet
  facet normal -1 0 0
    outer loop
      vertex 16.850000381469727 1.699999213218689 0
      vertex 16.850000381469727 1.5999997854232788 -5
      vertex 16.850000381469727 1.5999997854232788 0
    endloop
  endfacet
  facet normal 0 1 0
    outer loop
      vertex 16.899999618530273 1.699999213218689 -5
      vertex 16.850000381469727 1.699999213218689 0
      vertex 16.899999618530273 1.699999213218689 0
    endloop
  endfacet
  facet normal 0 1 0
    outer loop
      vertex 16.850000381469727 1.699999213218689 0
      vertex 16.899999618530273 1.699999213218689 -5
      vertex 16.850000381469727 1.699999213218689 -5
    endloop
  endfacet
  facet normal -1 0 0
    outer loop
      vertex 16.899999618530273 1.699999213218689 -5
      vertex 16.899999618530273 1.7999995946884155 0
      vertex 16.899999618530273 1.7999995946884155 -5
    endloop
  endfacet
  facet normal -1 0 0
    outer loop
      vertex 16.899999618530273 1.7999995946884155 0
      vertex 16.899999618530273 1.699999213218689 -5
      vertex 16.899999618530273 1.699999213218689 0
    endloop
  endfacet
  facet normal 0 1 0
    outer loop
      vertex 16.950000762939453 1.7999995946884155 -5
      vertex 16.899999618530273 1.7999995946884155 0
      vertex 16.950000762939453 1.7999995946884155 0
    endloop
  endfacet
  facet normal 0 1 0
    outer loop
      vertex 16.899999618530273 1.7999995946884155 0
      vertex 16.950000762939453 1.7999995946884155 -5
      vertex 16.899999618530273 1.7999995946884155 -5
    endloop
  endfacet
  facet normal -1 0 0
    outer loop
      vertex 16.950000762939453 1.7999995946884155 -5
      vertex 16.950000762939453 1.899999976158142 0
      vertex 16.950000762939453 1.899999976158142 -5
    endloop
  endfacet
  facet normal -1 0 0
    outer loop
      vertex 16.950000762939453 1.899999976158142 0
      vertex 16.950000762939453 1.7999995946884155 -5
      vertex 16.950000762939453 1.7999995946884155 0
    endloop
  endfacet
  facet normal 0 1 0
    outer loop
      vertex 17 1.899999976158142 -5
      vertex 16.950000762939453 1.899999976158142 0
      vertex 17 1.899999976158142 0
    endloop
  endfacet
  facet normal 0 1 0
    outer loop
      vertex 16.950000762939453 1.899999976158142 0
      vertex 17 1.899999976158142 -5
      vertex 16.950000762939453 1.899999976158142 -5
    endloop
  endfacet
  facet normal -0.8270785655249542 -0.5620863336260579 0
    outer loop
      vertex 16.536476135253906 4.618321418762207 -5
      vertex 16.483509063720703 4.696259498596191 0
      vertex 16.483509063720703 4.696259498596191 -5
    endloop
  endfacet
  facet normal -0.8270785655249542 -0.5620863336260579 0
    outer loop
      vertex 16.483509063720703 4.696259498596191 0
      vertex 16.536476135253906 4.618321418762207 -5
      vertex 16.536476135253906 4.618321418762207 0
    endloop
  endfacet
  facet normal -0.8910172522188863 0.4539694441791272 0
    outer loop
      vertex 16.39276123046875 6.138668060302734 -5
      vertex 16.43553924560547 6.222629547119141 0
      vertex 16.43553924560547 6.222629547119141 -5
    endloop
  endfacet
  facet normal -0.8910172522188863 0.4539694441791272 0
    outer loop
      vertex 16.43553924560547 6.222629547119141 0
      vertex 16.39276123046875 6.138668060302734 -5
      vertex 16.39276123046875 6.138668060302734 0
    endloop
  endfacet
  facet normal -0.999506461691791 0.03141389877675722 0
    outer loop
      vertex 16.25 5.499999046325684 -5
      vertex 16.252960205078125 5.594184875488281 0
      vertex 16.252960205078125 5.594184875488281 -5
    endloop
  endfacet
  facet normal -0.999506461691791 0.03141389877675722 0
    outer loop
      vertex 16.252960205078125 5.594184875488281 0
      vertex 16.25 5.499999046325684 -5
      vertex 16.25 5.499999046325684 0
    endloop
  endfacet
  facet normal -0.5620863336260579 -0.8270785655249542 0
    outer loop
      vertex 16.868322372436523 4.286474227905273 -5
      vertex 16.946260452270508 4.23350715637207 0
      vertex 16.868322372436523 4.286474227905273 0
    endloop
  endfacet
  facet normal -0.5620863336260579 -0.8270785655249542 0
    outer loop
      vertex 16.946260452270508 4.23350715637207 0
      vertex 16.868322372436523 4.286474227905273 -5
      vertex 16.946260452270508 4.23350715637207 -5
    endloop
  endfacet
  facet normal -0.9876902368019438 -0.15642249239198347 0
    outer loop
      vertex 16.276569366455078 5.218927383422852 -5
      vertex 16.261829376220703 5.311999320983887 0
      vertex 16.261829376220703 5.311999320983887 -5
    endloop
  endfacet
  facet normal -0.9876902368019438 -0.15642249239198347 0
    outer loop
      vertex 16.261829376220703 5.311999320983887 0
      vertex 16.276569366455078 5.218927383422852 -5
      vertex 16.276569366455078 5.218927383422852 0
    endloop
  endfacet
  facet normal -0.7501100998442454 -0.6613129653285622 0
    outer loop
      vertex 16.65654754638672 4.473178863525391 -5
      vertex 16.59423065185547 4.543863296508789 0
      vertex 16.59423065185547 4.543863296508789 -5
    endloop
  endfacet
  facet normal -0.7501100998442454 -0.6613129653285622 0
    outer loop
      vertex 16.59423065185547 4.543863296508789 0
      vertex 16.65654754638672 4.473178863525391 -5
      vertex 16.65654754638672 4.473178863525391 0
    endloop
  endfacet
  facet normal -0.6129108313177667 -0.7901520821040492 0
    outer loop
      vertex 16.793865203857422 4.344229698181152 -5
      vertex 16.868322372436523 4.286474227905273 0
      vertex 16.793865203857422 4.344229698181152 0
    endloop
  endfacet
  facet normal -0.6129108313177667 -0.7901520821040492 0
    outer loop
      vertex 16.868322372436523 4.286474227905273 0
      vertex 16.793865203857422 4.344229698181152 -5
      vertex 16.868322372436523 4.286474227905273 -5
    endloop
  endfacet
  facet normal -0.917747389343718 0.39716461241252354 0
    outer loop
      vertex 16.355335235595703 6.052186012268066 -5
      vertex 16.39276123046875 6.138668060302734 0
      vertex 16.39276123046875 6.138668060302734 -5
    endloop
  endfacet
  facet normal -0.917747389343718 0.39716461241252354 0
    outer loop
      vertex 16.39276123046875 6.138668060302734 0
      vertex 16.355335235595703 6.052186012268066 -5
      vertex 16.355335235595703 6.052186012268066 0
    endloop
  endfacet
  facet normal -0.8607372177256115 0.5090495477082492 0
    outer loop
      vertex 16.43553924560547 6.222629547119141 -5
      vertex 16.48129653930664 6.299999237060547 0
      vertex 16.48129653930664 6.299999237060547 -5
    endloop
  endfacet
  facet normal -0.8607372177256115 0.5090495477082492 0
    outer loop
      vertex 16.48129653930664 6.299999237060547 0
      vertex 16.43553924560547 6.222629547119141 -5
      vertex 16.43553924560547 6.222629547119141 0
    endloop
  endfacet
  facet normal -0.9408825092057195 0.3387330864718551 0
    outer loop
      vertex 16.323415756225586 5.96352481842041 -5
      vertex 16.355335235595703 6.052186012268066 0
      vertex 16.355335235595703 6.052186012268066 -5
    endloop
  endfacet
  facet normal -0.9408825092057195 0.3387330864718551 0
    outer loop
      vertex 16.355335235595703 6.052186012268066 0
      vertex 16.323415756225586 5.96352481842041 -5
      vertex 16.323415756225586 5.96352481842041 0
    endloop
  endfacet
  facet normal -0.9759138720718734 0.218156169515517 0
    outer loop
      vertex 16.276569366455078 5.781071662902832 -5
      vertex 16.29712677001953 5.873034477233887 0
      vertex 16.29712677001953 5.873034477233887 -5
    endloop
  endfacet
  facet normal -0.9759138720718734 0.218156169515517 0
    outer loop
      vertex 16.29712677001953 5.873034477233887 0
      vertex 16.276569366455078 5.781071662902832 -5
      vertex 16.276569366455078 5.781071662902832 0
    endloop
  endfacet
  facet normal -0.9408836704161884 -0.3387298610163584 0
    outer loop
      vertex 16.355335235595703 4.947812080383301 -5
      vertex 16.323415756225586 5.036474227905273 0
      vertex 16.323415756225586 5.036474227905273 -5
    endloop
  endfacet
  facet normal -0.9408836704161884 -0.3387298610163584 0
    outer loop
      vertex 16.323415756225586 5.036474227905273 0
      vertex 16.355335235595703 4.947812080383301 -5
      vertex 16.355335235595703 4.947812080383301 0
    endloop
  endfacet
  facet normal -0.999506461691791 -0.03141389877675722 0
    outer loop
      vertex 16.252960205078125 5.405813217163086 -5
      vertex 16.25 5.499999046325684 0
      vertex 16.25 5.499999046325684 -5
    endloop
  endfacet
  facet normal -0.999506461691791 -0.03141389877675722 0
    outer loop
      vertex 16.25 5.499999046325684 0
      vertex 16.252960205078125 5.405813217163086 -5
      vertex 16.252960205078125 5.405813217163086 0
    endloop
  endfacet
  facet normal -0.9602962108627507 0.27898241414584435 0
    outer loop
      vertex 16.29712677001953 5.873034477233887 -5
      vertex 16.323415756225586 5.96352481842041 0
      vertex 16.323415756225586 5.96352481842041 -5
    endloop
  endfacet
  facet normal -0.9602962108627507 0.27898241414584435 0
    outer loop
      vertex 16.323415756225586 5.96352481842041 0
      vertex 16.29712677001953 5.873034477233887 -5
      vertex 16.29712677001953 5.873034477233887 0
    endloop
  endfacet
  facet normal -0.9955608241195208 0.09412037759412371 0
    outer loop
      vertex 16.252960205078125 5.594184875488281 -5
      vertex 16.261829376220703 5.6879987716674805 0
      vertex 16.261829376220703 5.6879987716674805 -5
    endloop
  endfacet
  facet normal -0.9955608241195208 0.09412037759412371 0
    outer loop
      vertex 16.261829376220703 5.6879987716674805 0
      vertex 16.252960205078125 5.594184875488281 -5
      vertex 16.252960205078125 5.594184875488281 0
    endloop
  endfacet
  facet normal -0.9759138720718734 -0.218156169515517 0
    outer loop
      vertex 16.29712677001953 5.126964569091797 -5
      vertex 16.276569366455078 5.218927383422852 0
      vertex 16.276569366455078 5.218927383422852 -5
    endloop
  endfacet
  facet normal -0.9759138720718734 -0.218156169515517 0
    outer loop
      vertex 16.276569366455078 5.218927383422852 0
      vertex 16.29712677001953 5.126964569091797 -5
      vertex 16.29712677001953 5.126964569091797 0
    endloop
  endfacet
  facet normal -0.6613029247361905 -0.7501189517238986 0
    outer loop
      vertex 16.72317886352539 4.406546592712402 -5
      vertex 16.793865203857422 4.344229698181152 0
      vertex 16.72317886352539 4.406546592712402 0
    endloop
  endfacet
  facet normal -0.6613029247361905 -0.7501189517238986 0
    outer loop
      vertex 16.793865203857422 4.344229698181152 0
      vertex 16.72317886352539 4.406546592712402 -5
      vertex 16.793865203857422 4.344229698181152 -5
    endloop
  endfacet
  facet normal -0.917747389343718 -0.39716461241252354 0
    outer loop
      vertex 16.39276123046875 4.861330032348633 -5
      vertex 16.355335235595703 4.947812080383301 0
      vertex 16.355335235595703 4.947812080383301 -5
    endloop
  endfacet
  facet normal -0.917747389343718 -0.39716461241252354 0
    outer loop
      vertex 16.355335235595703 4.947812080383301 0
      vertex 16.39276123046875 4.861330032348633 -5
      vertex 16.39276123046875 4.861330032348633 0
    endloop
  endfacet
  facet normal -0.8910172522188863 -0.4539694441791272 0
    outer loop
      vertex 16.43553924560547 4.777368545532227 -5
      vertex 16.39276123046875 4.861330032348633 0
      vertex 16.39276123046875 4.861330032348633 -5
    endloop
  endfacet
  facet normal -0.8910172522188863 -0.4539694441791272 0
    outer loop
      vertex 16.39276123046875 4.861330032348633 0
      vertex 16.43553924560547 4.777368545532227 -5
      vertex 16.43553924560547 4.777368545532227 0
    endloop
  endfacet
  facet normal -0.9876904844266561 0.15642092882040284 0
    outer loop
      vertex 16.261829376220703 5.6879987716674805 -5
      vertex 16.276569366455078 5.781071662902832 0
      vertex 16.276569366455078 5.781071662902832 -5
    endloop
  endfacet
  facet normal -0.9876904844266561 0.15642092882040284 0
    outer loop
      vertex 16.276569366455078 5.781071662902832 0
      vertex 16.261829376220703 5.6879987716674805 -5
      vertex 16.261829376220703 5.6879987716674805 0
    endloop
  endfacet
  facet normal -0.9602962108627507 -0.27898241414584435 0
    outer loop
      vertex 16.323415756225586 5.036474227905273 -5
      vertex 16.29712677001953 5.126964569091797 0
      vertex 16.29712677001953 5.126964569091797 -5
    endloop
  endfacet
  facet normal -0.9602962108627507 -0.27898241414584435 0
    outer loop
      vertex 16.29712677001953 5.126964569091797 0
      vertex 16.323415756225586 5.036474227905273 -5
      vertex 16.323415756225586 5.036474227905273 0
    endloop
  endfacet
  facet normal -0.7901607852034909 -0.6128996112958489 0
    outer loop
      vertex 16.59423065185547 4.543863296508789 -5
      vertex 16.536476135253906 4.618321418762207 0
      vertex 16.536476135253906 4.618321418762207 -5
    endloop
  endfacet
  facet normal -0.7901607852034909 -0.6128996112958489 0
    outer loop
      vertex 16.536476135253906 4.618321418762207 0
      vertex 16.59423065185547 4.543863296508789 -5
      vertex 16.59423065185547 4.543863296508789 0
    endloop
  endfacet
  facet normal -0.9955608241195208 -0.09412037759412371 0
    outer loop
      vertex 16.261829376220703 5.311999320983887 -5
      vertex 16.252960205078125 5.405813217163086 0
      vertex 16.252960205078125 5.405813217163086 -5
    endloop
  endfacet
  facet normal -0.9955608241195208 -0.09412037759412371 0
    outer loop
      vertex 16.252960205078125 5.405813217163086 0
      vertex 16.261829376220703 5.311999320983887 -5
      vertex 16.261829376220703 5.311999320983887 0
    endloop
  endfacet
  facet normal -0.8607324416156841 -0.5090576234084929 0
    outer loop
      vertex 16.483509063720703 4.696259498596191 -5
      vertex 16.43553924560547 4.777368545532227 0
      vertex 16.43553924560547 4.777368545532227 -5
    endloop
  endfacet
  facet normal -0.8607324416156841 -0.5090576234084929 0
    outer loop
      vertex 16.43553924560547 4.777368545532227 0
      vertex 16.483509063720703 4.696259498596191 -5
      vertex 16.483509063720703 4.696259498596191 0
    endloop
  endfacet
  facet normal -0.5090380534907091 -0.8607440154299012 0
    outer loop
      vertex 16.946260452270508 4.23350715637207 -5
      vertex 17 4.201725959777832 0
      vertex 16.946260452270508 4.23350715637207 0
    endloop
  endfacet
  facet normal -0.5090380534907091 -0.8607440154299012 0
    outer loop
      vertex 17 4.201725959777832 0
      vertex 16.946260452270508 4.23350715637207 -5
      vertex 17 4.201725959777832 -5
    endloop
  endfacet
  facet normal -0.7071118414372402 -0.7071017208996421 0
    outer loop
      vertex 16.72317886352539 4.406546592712402 -5
      vertex 16.65654754638672 4.473178863525391 0
      vertex 16.65654754638672 4.473178863525391 -5
    endloop
  endfacet
  facet normal -0.7071118414372402 -0.7071017208996421 0
    outer loop
      vertex 16.65654754638672 4.473178863525391 0
      vertex 16.72317886352539 4.406546592712402 -5
      vertex 16.72317886352539 4.406546592712402 0
    endloop
  endfacet
  facet normal 0 1 0
    outer loop
      vertex 17.5 6.299999237060547 -5
      vertex 16.48129653930664 6.299999237060547 0
      vertex 17.5 6.299999237060547 0
    endloop
  endfacet
  facet normal 0 1 0
    outer loop
      vertex 16.48129653930664 6.299999237060547 0
      vertex 17.5 6.299999237060547 -5
      vertex 16.48129653930664 6.299999237060547 -5
    endloop
  endfacet
  facet normal 0 1 0
    outer loop
      vertex 16.649999618530273 1.1999998092651367 -5
      vertex 1.3499999046325684 1.1999998092651367 0
      vertex 16.649999618530273 1.1999998092651367 0
    endloop
  endfacet
  facet normal 0 1 0
    outer loop
      vertex 1.3499999046325684 1.1999998092651367 0
      vertex 16.649999618530273 1.1999998092651367 -5
      vertex 1.3499999046325684 1.1999998092651367 -5
    endloop
  endfacet
endsolid OpenSCAD_Model
